SubmitTime,UserID,Used Memory,RunTime
1147950128,8,983904,8186
1149588512,19,617508,23942
1152737442,12,597220,43113
1151698661,12,79248,55
1152183188,12,594592,32726
1141080225,8,567956,29777
1149532673,13,1591112,37025
1147297539,13,569464,23072
1153178695,12,596780,42932
1149518504,13,580976,41748
1149914855,13,599716,52483
1151651655,2,20272,52
1151944217,12,593504,31809
1152298193,12,1580748,33646
1149490514,19,620144,22445
1145878338,8,570472,26148
1144599885,9,568644,25184
1153025017,12,598248,45130
1150967702,13,0,2
1152036968,12,597608,46223
1149947577,8,583684,57403
1145723899,8,575108,29072
1148547285,19,626396,43475
1148835697,19,598904,5994
1150827402,13,598040,49304
1151658480,12,600080,31691
1151654925,9,20316,54
1146821308,13,1193840,44675
1151909281,12,588732,5150
1149489452,19,614168,20491
1152084335,12,1587348,33475
1151438453,12,596572,33039
1149673482,19,0,4
1145468673,19,604096,52821
1152955193,12,595716,41393
1151266375,13,75616,1852
1150448481,13,72648,1848
1152171310,12,61404,71
1147984868,19,0,2
1140278453,8,593940,24442
1144600485,9,573356,28062
1152512535,12,7188,2
1151647253,9,20264,45
1148065934,13,81028,960
1151656124,9,69208,962
1147675025,13,596792,42292
1151699689,12,68904,68
1145905908,13,79296,68
1150982991,13,1544776,28327
1150984153,13,76660,2421
1149089218,21,582240,7348
1151694549,12,79228,77
1145567180,19,600808,55584
1151431849,12,25668,64
1153017089,12,20756,80
1150644746,8,61960,1855
1148853386,19,1354664,28043
1151543003,12,606220,35917
1154419909,12,68908,61
1147949590,13,0,2
1148112298,13,581384,17705
1147933803,13,582504,24718
1147506502,8,585740,47997
1152298792,12,1578780,28871
1142982149,9,58176,1856
1151267325,8,1534488,47673
1147471013,13,596620,51900
1146412433,19,591156,1566
1146415760,19,587996,1979
1140554260,8,569392,39832
1152299098,12,1398748,23753
1147422931,13,61312,961
1151163600,13,1553552,33789
1150061453,8,60348,172
1150645518,13,602192,43449
1146840278,8,68552,73
1151056455,13,603164,44427
1145559978,10,597188,53845
1136480423,6,939872,440
1150537522,21,601916,25157
1148450405,13,597044,27108
1151698302,12,85568,71
1136475824,6,944880,487
1151697525,12,1536652,28544
1149625130,8,584456,49531
1151651654,9,20288,56
1147298091,8,569144,23239
1147953116,13,0,2
1149439178,19,616604,21947
1151625346,12,20700,82
1146580813,13,576572,28578
1151650835,2,56024,61
1148554551,19,616244,36060
1151743509,12,25660,61
1153900569,12,69928,266
1151626100,12,85200,86
1149650426,19,63864,191
1145627159,13,583828,24302
1147673829,13,591960,38701
1149491943,19,10672,1
1148053281,13,117756,308
1145874998,13,596684,26211
1152637500,12,1629036,26686
1147933821,8,73972,7451
1158226654,4,63608,1862
1146203473,19,603104,29553
1149796344,19,613036,20121
1140831004,8,568840,26158
1146414526,19,588040,1657
1149512113,13,583936,40195
1150854088,13,81668,4215
1146445815,19,598844,1729
1152921256,12,599740,39528
1136297733,6,59880,1850
1151915593,2,60916,1853
1147985174,19,0,1
1151652011,2,20308,56
1147888885,13,82676,3180
1150179189,13,0,1
1154354622,12,602436,31164
1152578970,12,107740,1046
1148015861,19,617132,36911
1146416349,19,588840,2111
1147467762,13,590084,50801
1145218829,19,521140,1524
1146415230,19,588064,3623
1148457573,19,654136,38581
1150116582,13,491628,957
1139391868,8,559932,1156
1151658481,12,596900,31965
1145898258,13,602464,23827
1147299552,13,594724,20534
1147885405,8,77516,4914
1146580828,8,572132,30117
1147974363,13,0,2
1149864097,13,0,2
1149890162,13,597104,47125
1139386011,8,552140,2098
1152172325,12,601672,32985
1151916026,2,60924,1852
1151914033,2,60744,403
1151752714,12,79252,71
1151724758,12,68920,70
1151694902,12,20712,79
1151728815,12,67352,68
1149515237,19,601588,1419
1147946421,19,315236,2833
1149484409,19,615064,24035
1147946823,13,0,1
1146445592,19,588128,1656
1151267580,13,1540932,47173
1146457847,19,588132,1487
1150441576,21,597204,11441
1150734713,13,43904,3607
1147299038,13,570748,24250
1149490517,19,615208,18220
1151650835,12,79340,62
1151710241,12,66804,75
1151752056,12,25664,60
1151652370,2,55956,61
1148615678,19,1367268,30647
1154582689,12,1642896,36906
1151620518,12,66684,90
1147432152,8,572228,22547
1151722445,12,79304,70
1140073193,8,571340,23374
1148112294,13,582796,21613
1156343028,2,0,0
1150485519,21,613972,23880
1151650118,9,20268,52
1148060276,13,90100,2034
1146222859,19,599600,28046
1153812717,12,595040,40056
1149064148,21,599240,6416
1148657599,21,598252,5971
1146182840,8,64832,3685
1154420458,12,1595228,24203
1144599344,9,572272,29210
1151755338,12,25660,73
1151736382,12,69364,62
1151708403,12,20740,81
1148893421,19,600692,6258
1151625765,12,75736,70
1142819035,9,577412,44992
1136296260,6,57088,1854
1153747498,12,80248,431
1152104294,12,135024,2214
1149507954,8,592568,52593
1141522062,8,575704,31231
1150923954,13,0,2
1145898258,13,587324,28343
1147953113,13,0,2
1151302052,8,587668,48716
1145180324,13,583008,23169
1145930294,13,583160,29833
1151721733,12,25696,70
1147716493,13,591792,39899
1149454377,13,604324,39370
1151702274,12,606216,42725
1153736351,12,80264,445
1150734707,8,43928,3608
1146181424,13,68900,47
1151653208,2,20288,53
1149791989,13,1590076,37974
1150821840,13,597816,50792
1151438036,12,25680,57
1139455430,8,65856,476
1148547582,19,81668,5599
1151614800,12,25652,67
1151917429,12,79232,76
1143753296,8,556272,11515
1152182764,12,596080,31187
1148946089,19,598772,6255
1149659805,19,63860,189
1152338721,12,1644916,25692
1151304572,13,1584968,30104
1157712170,15,1374144,33267
1151399867,12,599224,44231
1148343007,21,1320592,28077
1140878146,8,568272,23847
1147441691,13,71704,63
1151500255,12,613680,33330
1151654083,12,68892,56
1151743966,9,20304,67
1152921977,12,602292,44921
1147954142,13,76696,2033
1151304995,13,74996,963
1151734963,12,25684,59
1152931516,12,618456,42015
1154783126,12,580280,173340
1139548260,8,572824,61264
1144395480,2,631128,30030
1151560303,9,579680,37581
1149977028,13,607720,44915
1148129854,21,618076,35529
1148338541,21,1372548,29131
1153724749,2,55964,57
1149768074,19,616388,26091
1146448666,19,588044,1877
1149277421,13,61808,1855
1151609370,12,80396,964
1149581416,13,593004,30772
1156778023,15,1572308,25716
1141953786,8,566564,23790
1145935073,13,598424,23799
1147790030,13,569552,21664
1153723405,12,80240,435
1150478163,21,595288,16543
1137631741,6,1572104,4525
1150575080,13,597000,43096
1149980573,13,610984,47365
1152551620,12,0,2
1149909101,13,1597540,69780
1149373078,19,620264,18407
1151645346,12,25676,54
1146582395,13,575584,32163
1149865260,19,98896,27303
1150479780,21,597280,22216
1145371792,19,600068,49134
1148835705,19,598452,6100
1146182846,8,64868,3684
1146203471,19,597540,28222
1151699037,12,25652,59
1148021893,19,618080,36193
1151646837,9,56028,57
1140005981,8,568276,32067
1153147732,12,82032,970
1151303859,13,72692,1852
1151569551,9,71104,76
1152183188,12,595288,31932
1152048973,12,598364,44008
1150829228,13,600536,43773
1151742498,12,25672,63
1154026594,12,603688,43226
1148023353,19,633496,35822
1149453413,13,600976,41291
1151648396,12,68896,58
1145178056,13,581052,25202
1151652360,12,25652,49
1151399853,2,623764,48178
1146753476,10,1411888,40737
1151648868,12,25660,61
1151644989,12,55468,103
1151655230,9,20264,65
1154511620,12,85872,63
1139336696,8,559628,3316
1145104603,13,570100,29993
1145372099,19,587360,66686
1148198207,19,617700,33344
1153738572,9,67272,459
1152667446,12,86428,1916
1140646063,8,569780,41467
1149273327,13,599904,45068
1150558118,13,598588,42276
1151698293,12,25640,68
1152106548,12,90128,167
1151629727,12,25656,55
1153730298,12,74364,241
1152794378,12,596112,39463
1145511998,19,587376,64571
1148064254,13,95112,9063
1149333861,13,591060,173516
1145337499,19,586568,50997
1149394989,19,618468,22095
1145883340,13,72812,1852
1152445028,12,0,2
1140727528,8,569716,36611
1151660736,12,71880,1851
1152637502,12,1780236,33796
1151613114,12,70744,95
1149077541,19,582400,6967
1153742814,12,74816,244
1145723891,13,579716,23336
1145178350,13,569008,27368
1151745912,12,25696,56
1152034708,12,99488,296
1147959639,13,583320,18331
1140267683,1,278284,986
1144505088,9,573120,36001
1149582978,13,583780,46542
1146423250,19,1091864,388
1152832714,12,596592,40489
1143847733,8,552700,85178
1148552763,19,628064,35340
1151649278,12,85196,54
1151751629,12,79344,74
1154944669,9,278820,18109
1145298833,19,592984,59223
1152570257,12,173964,1276
1144601522,2,571564,32925
1148047838,13,582552,17664
1146638378,19,1678872,71856
1150797377,13,56068,3607
1146182853,13,61956,3684
1147949602,13,74568,81
1147399528,13,16444,104
1153126544,12,68916,93
1151815440,12,71644,971
1136977828,0,648108,46833
1151741623,12,25696,75
1146180643,13,636004,21242
1151648429,9,20304,59
1146450708,19,588236,1575
1149359274,19,620608,19125
1150932080,13,0,2
1148342715,19,82748,361
1149493394,19,617884,22584
1151652015,2,20304,61
1145178060,8,571320,26877
1151624151,12,20724,75
1149322212,13,608176,38050
1144597960,2,63416,1853
1153730295,12,74320,247
1137581616,6,652836,51727
1151791885,9,58016,84
1151620149,12,79280,80
1148884601,19,598164,6186
1136493415,6,935676,550
1145298551,19,601168,48634
1153030661,12,596408,41706
1149658278,19,63896,188
1148556100,13,70392,1849
1147991861,13,0,2
1150970744,8,579964,36747
1154030953,12,592728,41760
1149744327,19,616084,38364
1154329685,2,581072,39521
1151917436,12,86856,837
1139401740,8,559836,2152
1146434836,19,163224,1103
1150797598,13,53588,3608
1151709416,12,1549028,34771
1152686314,12,597988,41201
1153984955,12,1212592,13159
1149767662,21,634888,24161
1148835703,19,598772,5828
1152104291,12,121064,2418
1151652348,12,25692,53
1151857872,12,71624,1853
1148657602,21,598816,6177
1153739111,12,80248,445
1151946988,12,25688,76
1152344260,12,76732,1851
1151652367,2,20292,61
1151725237,12,79236,60
1151122967,13,592444,31380
1151664305,12,85644,89
1146446889,19,588288,1568
1147965029,13,586324,16073
1151304500,13,580148,44139
1151729530,12,97316,189
1153722914,2,67308,435
1151751208,12,79248,68
1145592693,19,607732,51577
1145552484,10,584624,62273
1145723299,8,571296,28905
1152931515,12,610304,42239
1148653510,19,598248,6667
1153741844,9,71160,62
1149892175,13,598744,46675
1151625753,12,20700,77
1150502441,21,614240,23791
1148118336,21,616432,35785
1145878331,13,591564,28274
1144416801,12,585104,30220
1146419842,19,588104,1690
1147441983,13,63312,72
1152031373,12,79268,85
1151661926,12,20748,84
1142751649,9,573776,32070
1146425055,19,588052,1451
1145470841,10,583432,62348
1151736017,12,79244,75
1139585235,8,571968,50196
1149486559,19,606860,5936
1152343842,12,1371064,35838
1150068519,8,60300,171
1147673607,13,16436,52
1151753480,12,25676,65
1151738420,12,25644,64
1148683603,19,599856,5965
1151656131,9,60788,956
1150985007,13,600904,44795
1151433256,12,74952,1848
1148061935,13,80316,333
1141543280,8,589996,33891
1148940711,19,598272,5945
1151715544,12,25664,60
1151726805,12,79204,60
1153061082,12,1107408,15000
1151938233,12,86424,190
1141020417,8,569288,30656
1146211203,19,598776,26262
1147952891,13,582224,18948
1147680138,13,60392,164
1151939554,12,592964,32154
1154601976,12,81872,2183
1148075764,21,618120,32212
1152730434,2,569052,173073
1146423239,19,588304,1441
1151915073,12,76572,1852
1145563176,10,584704,70410
1151265408,13,596396,42245
1145178056,13,69032,3682
1149710075,13,1189732,31079
1151420779,12,595800,32260
1146723584,8,68776,2171
1150441576,21,645688,24075
1139348017,7,555472,3439
1148592939,13,25680,60
1149767659,21,627684,24568
1153006675,12,596580,46362
1153754751,9,61680,1156
1141659867,9,0,1
1146450713,19,588136,1427
1140676354,8,567500,33466
1146023451,13,583400,29179
1150983005,13,1636752,37343
1141022717,8,568992,27333
1151621120,12,74804,75
1145916337,13,575396,29076
1149838291,21,82184,4309
1146576358,13,62924,53
1148032866,13,601480,16805
1140636359,7,579600,42973
1149621192,13,600292,36871
1151708754,12,20728,77
1147371696,13,598268,16139
1151543962,12,1550216,36256
1148232236,19,81732,5607
1148835692,19,598892,5931
1151438028,12,598604,30607
1151652375,9,20276,57
1153725823,2,67232,431
1149752776,19,617296,25220
1147673603,8,590092,48209
1152344265,12,87640,10169
1152613026,2,582136,39910
1151628625,12,79228,84
1147703183,13,597904,40652
1147715948,13,1569060,36835
1151627886,12,74820,69
1154443242,12,81520,1882
1141113946,8,577324,51556
1152880631,12,602248,43334
1154551729,12,595168,173227
1148091835,13,95036,3586
1151457872,9,581436,36924
1151742073,9,60132,69
1147715997,13,107224,2356
1149587612,19,615036,22465
1145332369,19,600688,38847
1153749535,12,84844,10992
1144522721,12,586776,27378
1152691390,12,1557548,36087
1149455970,13,603172,42787
1153750404,12,80260,234
1149552760,13,595004,34920
1151616218,12,67892,1914
1150827392,13,617376,46054
1146414477,19,582592,1655
1151262976,13,933176,1482
1145105031,13,572408,28144
1147973683,13,0,2
1151735357,12,25672,63
1146700857,20,1398692,29944
1153899952,12,596472,46255
1147487338,13,20252,63
1147866459,13,148844,1794
1149446929,13,90056,181
1151730013,12,604380,32335
1150801600,13,53608,3606
1152987683,12,615464,38790
1149388262,19,619268,19211
1146413689,19,588112,1583
1153746523,12,80312,431
1147724605,13,579152,16593
1151791594,2,64212,82
1153721768,12,74816,239
1146182853,13,63332,3682
1153726898,2,67280,247
1152628536,12,1568496,28688
1150817805,13,72748,1850
1150970747,8,601932,45692
1147459540,13,61092,1858
1150495184,21,0,2
1139851253,8,563180,21635
1147701904,13,642992,42510
1151715538,12,25656,61
1148242549,13,92552,8039
1153006080,12,621584,42005
1147354115,13,566880,17503
1151651231,2,20300,53
1152169953,12,82636,158
1147715983,8,63496,1855
1150125814,13,597392,44683
1146006913,13,583892,24005
1151915602,2,64760,1852
1139395181,8,551480,3769
1151624914,12,69176,83
1148408236,13,594024,23621
1147725438,13,586876,22335
1153141912,12,0,13
1137053508,0,630740,1883
1153726363,2,67256,242
1144598747,9,581100,28800
1151909753,12,71856,1852
1149504965,13,68580,193
1148262142,13,81704,1899
1152344258,12,91552,2687
1151056759,13,71648,1849
1152042273,12,593480,46027
1149574105,8,581364,37447
1146448658,19,588100,1783
1150794090,13,53536,3607
1147693133,13,593604,38221
1149959209,13,655968,50861
1140969661,8,0,1
1151740115,12,25656,78
1151654923,9,20268,55
1151651223,2,20304,58
1153735885,12,80292,432
1152038632,12,609236,39445
1154357446,12,596792,35224
1136292705,6,59884,1851
1147984868,19,0,2
1152546492,12,0,1
1146195813,13,600144,23234
1145592271,10,584252,57448
1154329691,9,581572,38570
1144283579,8,57156,1495
1151746792,12,25676,65
1150927141,13,0,2
1146010820,13,581256,23683
1148050742,13,74780,71
1151737210,12,25708,58
1151712152,12,75312,74
1152691911,12,1768028,47719
1148351190,21,80588,435
1152744209,12,1776728,33839
1150446730,8,65572,1854
1153061568,12,609992,42725
1147726822,13,916848,5722
1151741652,9,16404,80
1149446935,13,1748460,34072
1148946374,19,598156,6566
1146181393,13,63900,3680
1146413304,19,590328,1445
1139423345,8,551952,2647
1137048163,0,630900,1738
1149485249,19,610968,13835
1151608706,12,597748,40929
1151714348,12,25684,67
1151629336,12,25688,59
1152839860,12,594372,39051
1145261418,19,602976,51628
1143842881,8,556272,14707
1151605472,9,59880,1851
1146448666,19,588104,1922
1139179179,8,2034348,3800
1151932034,12,0,2776
1148112298,13,580260,19481
1144418961,9,570344,30064
1145945246,13,25676,66
1153816763,12,72596,1852
1144650784,9,570784,28270
1147442476,13,64660,1852
1151302042,13,583824,45246
1151614494,12,25724,56
1153230125,12,0,2
1150797393,13,53552,3606
1145372099,19,608200,52236
1151722797,12,25692,58
1149469200,19,611000,19153
1153723406,12,80208,434
1136299839,6,57152,1850
1154592527,12,76728,3108
1149094461,21,581528,6881
1145532740,13,582292,24505
1151651225,2,20304,55
1139546799,8,616504,36004
1150735176,13,43916,3606
1147269010,13,588024,31698
1149661788,13,1222716,29941
1141718161,8,572560,48714
1149399453,19,614508,19828
1147987644,19,616588,36682
1153734770,12,72060,60
1139390376,8,551520,1156
1152142694,12,30636,92
1136292111,6,59872,1849
1141932878,8,573132,49216
1148087354,21,620588,36028
1151086449,8,579876,41357
1151621414,12,25688,72
1152182764,12,594568,38783
1150122333,19,620572,24774
1149353402,13,598596,41717
1151944222,12,90576,1036
1146449859,19,588256,1547
1151652019,9,20304,59
1151048754,8,585104,42091
1150608610,13,615044,37489
1136277780,6,918888,398
1151492024,12,1564248,35206
1151708400,12,79276,66
1140795796,8,568508,35687
1152551623,12,105608,108
1146445589,19,590136,1723
1150378812,21,0,5
1150854111,13,623376,42988
1149847663,21,99408,42772
1152038637,12,598032,41588
1146444957,19,588056,1529
1151517383,9,583168,43354
1149446946,13,596328,42610
1150810898,13,53572,3606
1153741853,12,80200,433
1148848795,19,598164,6016
1148457250,19,619396,39746
1151492681,12,1561780,34653
1152342589,12,72620,1856
1145255981,19,619340,53424
1149910542,13,608300,53435
1147967999,13,1547828,38410
1147300902,13,582828,21931
1145592693,19,601164,55808
1154026589,12,597272,40268
1151656127,2,61804,953
1151309429,13,577192,18361
1152171307,12,25664,57
1152689108,12,602124,37112
1147702998,13,60288,168
1147726813,13,20708,48
1152794372,12,618804,44074
1151707644,9,20300,67
1148877691,19,598276,6322
1139080402,8,595564,123871
1152571724,12,74680,74
1149586486,13,591940,31688
1153723393,2,71644,4512
1151435130,12,25696,50
1147381365,8,60280,147
1147280783,19,193208,377
1148877859,19,598640,5684
1151715128,12,25676,60
1151710622,9,20292,68
1151652793,2,20280,53
1143740366,8,556220,6612
1151910826,2,60820,1852
1145374921,10,587372,56346
1149749930,19,98856,36089
1151649263,2,20296,55
1139401732,8,551520,2155
1150472554,21,591644,4532
1136977812,0,649152,51958
1152184395,12,594216,34800
1150815652,13,75340,1855
1150823940,13,597848,43621
1146581502,8,572096,27418
1148904801,10,582728,7245
1152883961,12,595028,173371
1151660367,12,71620,1849
1147953119,13,0,2
1150525345,21,601744,31827
1152033920,12,89680,475
1148033352,13,584256,17162
1145105015,13,565832,25184
1146182121,13,72804,3682
1151666661,12,85232,78
1150084718,13,72204,169
1151726017,12,25648,56
1145237279,19,585852,57684
1147297536,13,586552,21832
1151655702,2,20276,59
1151648391,12,1612196,34657
1150472555,21,594600,4500
1151659224,12,596352,34581
1151699392,12,74776,73
1153926324,12,595584,173321
1148032090,13,595608,24135
1148904641,10,584732,6604
1150825528,13,72824,1852
1149625339,13,603756,46318
1148319405,13,107928,4105
1145394398,13,585204,26600
1148893428,10,582696,6882
1152376342,12,593572,32121
1152340931,12,96372,9747
1150810620,13,53544,3607
1148941008,19,598124,6307
1140073192,8,576204,29164
1149405461,19,617312,23053
1146326751,19,1268552,27126
1146415258,19,588144,2155
1152183668,12,598872,35462
1145903058,13,75552,1855
1150082017,13,72216,169
1147301800,13,588404,23256
1146751482,13,1187728,43696
1151735356,12,79660,65
1148905169,10,581200,7436
1145650085,7,65364,1322
1154518757,12,596996,173312
1139839276,8,568352,39988
1152181316,12,68932,62
1146576429,13,578652,29942
1153185232,12,82656,581
1145695218,19,1401460,30105
1146667155,8,65892,1204
1147129193,13,287332,1912
1150817858,13,77604,1851
1141499515,8,0,2
1148158601,21,0,4
1153748998,12,74864,245
1148223686,19,81584,5602
1151440403,12,25636,44
1150030220,13,599248,44144
1151651231,2,64168,53
1150440018,21,634120,26585
1151745019,12,25712,71
1145887807,13,571008,27013
1146416352,19,588248,2120
1152530185,12,99080,213
1148959383,19,598836,5936
1147299042,8,573164,22173
1151568947,12,594468,34882
1148893527,19,598804,6120
1153032288,12,74816,86
1151729536,12,1579728,28708
1145875470,13,574496,29320
1149998208,8,584388,56497
1136977628,0,0,2
1161852975,11,295008,20177
1149584474,13,61844,1853
1152082196,12,592580,34767
1145484455,13,576312,27904
1149096951,21,581596,6607
1152090181,12,593740,35260
1146191467,19,592440,80009
1152573836,12,0,2
1140887231,8,567708,27305
1153740822,9,64216,56
1147300906,13,606856,17563
1150032583,13,592460,43213
1152143052,12,135680,402
1148941008,19,598304,6028
1154421170,12,1602892,22439
1152084875,12,598460,33895
1140880764,8,571616,26520
1140759561,8,567868,29473
1154026586,12,596028,40094
1151420779,12,604032,33638
1151751205,12,85236,65
1145253847,19,603248,56408
1140553422,8,570716,45605
1153173688,12,618088,39536
1146026237,13,584224,28650
1145661918,19,1410328,30294
1148058670,13,94604,956
1151650847,12,79244,59
1148021981,19,616388,37717
1149493556,13,110792,160
1149366088,19,613624,19451
1148251825,19,617252,36389
1152733621,12,598232,49682
1151756885,12,74436,57
1147674723,13,598400,40347
1147594857,8,582332,46260
1151650470,12,65924,65
1148882697,19,598848,6205
1147405521,13,20260,57
1151647713,9,20316,49
1151629736,12,25696,74
1144825719,9,287172,1795
1151618083,12,20708,82
1147885377,13,1185256,34579
1144599154,2,1118344,27085
1151727981,12,79264,60
1149608190,8,582984,40920
1146667896,13,75300,6017
1146327078,19,1243996,25834
1145180529,8,579296,29945
1151754980,12,85380,68
1144600008,9,572752,27199
1147469455,8,589020,46620
1148232866,13,1182056,39877
1145180083,13,595444,25579
1154329688,2,586624,35605
1148198818,19,614028,33612
1152170910,12,76628,268
1152184083,12,594064,34530
1150088683,13,72216,168
1148061939,13,94576,961
1150983120,13,1551380,36283
1152692386,12,1778088,35065
1149592610,13,592788,34813
1151553656,12,601548,34255
1151499951,12,595864,33681
1151692402,12,85180,89
1151753473,12,69328,66
1153731375,12,80200,430
1136288835,6,57132,1851
1147959576,13,0,2
1147347282,13,598460,16392
1152184080,12,598044,30852
1150806496,13,53584,3607
1147517095,13,581492,47850
1148645753,19,601264,6024
1151724009,12,60848,56
1147674421,13,595264,43309
1145875459,13,575780,25598
1151650842,9,20292,52
1151304557,13,584396,43800
1150797368,13,53588,3610
1149460735,13,585536,7183
1151080621,13,599996,41731
1152103990,12,1607488,34934
1149491604,13,603808,45645
1151815728,2,64208,85
1149796328,19,617232,27662
1151709121,12,25684,57
1141716891,8,572020,47554
1156420485,15,1550828,28448
1152041541,12,598872,46142
1151664803,12,20724,78
1136277003,6,57172,1849
1151608710,12,69992,964
1148319105,13,94944,2439
1139472514,8,552220,7290
1151648426,9,71096,53
1153187602,12,613628,41046
1153722373,12,80224,240
1139412907,8,552008,2303
1149606965,13,77704,1851
1151745025,12,25676,59
1151714615,9,52072,63
1151553292,12,596780,36893
1146378017,19,588056,1350
1151649279,12,85148,54
1152142688,12,90568,123
1147727000,13,581748,17259
1146450247,19,588252,1456
1145724127,13,581984,25915
1140113937,8,566492,39311
1151130475,13,1550352,35170
1152702668,12,596672,44403
1146207153,19,600692,27183
1145925257,13,69300,72
1149493397,19,618576,26215
1151302096,13,581576,41658
1151724336,12,91668,1047
1139325615,1,0,4
1151402132,2,581728,43801
1152143292,12,30608,110
1149488484,19,608092,4012
1136493177,6,992212,1505
1145295366,19,601128,53567
1148112913,13,36188,1
1150555782,13,598632,41585
1141721673,8,572992,29332
1151631530,12,25696,54
1147419356,13,63068,136
1153807010,12,592444,45542
1145567355,19,607856,49627
1150531721,21,632072,32341
1151481418,2,580100,39053
1151014552,8,586204,40573
1152455973,12,0,1
1139841300,8,570624,33339
1150803175,13,53776,3606
1136290435,6,57176,1849
1151724342,12,25692,62
1140831010,8,566728,28749
1145468285,19,586464,54530
1151049169,8,585116,38104
1150969231,13,62596,2421
1149653968,13,594728,34693
1151549659,12,600048,36984
1139386015,8,552176,2084
1153754205,12,612668,40803
1151303319,13,64816,1850
1151613711,12,68940,59
1151309969,13,605896,36611
1150982988,13,1591428,34331
1151642014,12,74848,55
1150494104,21,0,1
1151729228,12,25684,68
1150855465,13,601468,40041
1151615143,12,85244,86
1141724644,8,567224,28582
1150053168,8,585048,49984
1146049531,13,587308,27883
1153807018,12,591444,42011
1149796340,19,614116,24290
1151266926,8,20288,68
1145247892,19,600328,53647
1137053570,0,630940,1833
1148885001,19,1051196,19001
1154122950,12,596988,39873
1151716920,12,20700,79
1146188056,13,75248,3683
1151543367,12,593876,31349
1154036194,12,601924,42724
1149862525,13,0,2
1151754256,12,25716,69
1152299398,12,1578108,30601
1147318300,13,582536,18949
1151107542,13,76520,1853
1147421967,13,64844,1851
1147448462,8,598996,23444
1149426137,13,1544548,28081
1140118984,8,580536,24811
1153730828,9,62900,246
1146445574,19,588120,1670
1145916335,8,62908,80
1148884543,19,598872,6007
1151815432,2,69152,968
1151402613,2,580488,47354
1147347285,13,608836,16354
1148683610,19,598280,6417
1145564852,10,584080,63947
1149329058,13,606288,45862
1149908745,13,91580,7539
1145592274,10,584784,59840
1151712870,12,79316,68
1149796346,19,612564,21086
1147299042,8,573228,25837
1151661094,12,81908,9659
1152697866,12,112264,1827
1151742526,9,55956,64
1149772049,8,61944,1852
1140987479,8,578904,35875
1146010793,13,571192,31425
1153734225,12,80192,439
1151438997,12,25652,52
1144418788,9,572044,30625
1151621417,12,85244,78
1153727388,12,68856,73
1152513857,12,0,2
1145105014,13,587292,25398
1151756408,12,25680,59
1151699039,12,79264,67
1146181420,13,25660,53
1152943697,12,598592,40393
1148026421,19,615040,41764
1148157341,21,0,4
1149592601,13,595572,37874
1151266884,8,1233096,37372
1150816628,13,61924,1854
1151910529,9,60980,1852
1151745859,12,90576,154
1150734708,13,43924,3608
1151658110,2,55928,94
1151715099,9,61852,65
1151749951,12,79256,67
1152784200,12,1751524,33140
1150078270,13,72228,169
1151752765,12,25660,65
1153806115,9,63708,1855
1150822022,13,72736,1848
1136324474,6,960236,480
1151559905,9,584920,38503
1146581501,13,570484,31237
1151657322,2,583544,39630
1148060862,13,80396,964
1153740234,12,25728,59
1153813844,12,594496,46112
1151659943,12,594160,33090
1151649696,12,79248,54
1145371779,19,584200,59356
1139174411,8,573320,71463
1145105615,13,573300,28784
1146667146,8,72752,3568
1152042742,12,612144,44306
1153741362,9,67200,433
1148225155,19,609096,4810
1150448122,13,72720,1850
1148621738,19,1102888,2987
1152684927,9,593644,49799
1136936445,0,650772,50360
1150795297,13,53612,3606
1145105030,13,582540,26483
1151658108,12,74856,68
1154547675,12,137092,2188
1154562915,12,145888,2140
1146427785,19,598928,1412
1151694886,9,64156,75
1148019611,19,615008,35321
1151742050,12,64352,84
1144599525,9,571792,30537
1147297080,8,573084,27430
1140275935,8,0,60
1151399860,12,597472,41318
1153731385,12,74824,243
1154420446,12,1641504,26500
1137565987,6,652456,50942
1150937675,13,0,2
1150793195,13,54460,3606
1136278079,6,57108,1851
1148006602,19,617052,39858
1151660366,12,71624,1852
1151661570,12,71612,967
1152779912,12,602812,39491
1146193748,19,597548,28918
1145540219,19,1391096,29880
1146208930,19,1124268,26830
1151655233,9,20284,54
1151108201,13,597808,38578
1150475729,21,617052,23807
1145179494,13,569500,26493
1151421202,12,594980,33072
1154028273,12,597336,45774
1153736842,12,74832,74
1151411185,9,589812,50635
1151521496,9,580588,38581
1148113209,13,582528,20058
1150066765,8,60360,170
1149645517,19,63856,196
1149574422,13,578616,33496
1151106092,13,592756,31133
1149125506,13,110856,167
1148031665,13,588928,19972
1151267575,13,1539016,50179
1152787530,12,605288,39759
1151621122,12,64368,82
1136276998,6,86104,1856
1152941988,12,595808,40221
1151650470,2,20284,60
1145179014,13,571012,28474
1140995619,8,568816,29067
1148878158,19,598896,6227
1146448277,19,588280,1657
1149503347,13,1584752,37377
1151753065,12,74840,71
1139580532,0,282188,3279
1148079931,13,1178852,32167
1151422065,12,596088,33234
1151651619,12,25664,53
1151303936,8,605916,52864
1151742497,12,79280,62
1152665673,12,136960,2112
1149791968,19,625480,26424
1136299841,6,57148,1850
1151713170,12,25704,74
1136287628,6,57176,1851
1151914043,2,64652,387
1146665425,19,1392932,40147
1152454755,12,0,1
1151631106,12,25680,45
1145906926,13,609672,27449
1150974543,8,579488,46406
1153228743,12,0,2
1136977828,0,647680,53179
1152344986,12,84176,1884
1146417691,19,594860,2223
1149366564,19,619132,19608
1148450399,13,75552,3682
1145981746,13,578144,29860
1145371770,19,599112,61580
1145906158,8,63564,68
1150074743,13,72208,169
1139457352,8,554816,7746
1148353715,21,1016508,4462
1153233565,12,0,2
1153731373,9,67320,241
1151909758,12,76604,1850
1150475262,21,636864,28586
1141709585,8,571456,61961
1151402142,2,580836,48836
1139808603,8,573528,28542
1152171305,12,85968,108
1151766945,12,85684,75
1149993429,8,600016,51719
1140118261,8,568260,24987
1151130466,13,1553848,35821
1145875483,13,597400,22000
1151710983,9,20260,56
1152341590,12,601368,46250
1150806488,13,53584,3606
1136280135,6,59924,1853
1147947032,13,0,2
1152339197,12,71664,1853
1149834954,13,0,2
1152542786,12,0,2
1144418528,12,579728,26542
1149322146,13,581256,52846
1152616619,12,76720,1858
1151745403,9,64268,62
1148646004,19,598288,6307
1151628926,12,79204,69
1145721821,13,594280,25611
1147999586,19,621380,36333
1147297116,13,571856,24799
1140635027,8,568036,46200
1147954464,13,581480,15331
1150500358,13,86592,1867
1151945126,12,626264,35917
1151627177,12,79284,79
1151642017,12,25664,51
1151910522,9,64668,1854
1151730792,2,56012,62
1139418220,8,559844,2146
1148047474,13,590404,38024
1152009020,12,990764,34369
1149866448,8,0,1
1150933481,13,0,2
1150966681,13,0,2
1144599809,2,575016,28262
1149425603,13,117776,175
1151928691,12,0,8469
1153175781,12,82084,1241
1148621331,19,598720,6344
1142795035,9,552056,12124
1151622696,12,69444,60
1139348139,7,557104,3452
1149519863,13,593796,32468
1145298539,19,586376,62938
1149552744,13,1599968,38321
1145890374,13,583508,24433
1151856982,12,76576,1853
1150974548,8,584524,50395
1151438465,12,25700,46
1154588999,12,1596976,37037
1151701242,12,25644,65
1152169654,12,25704,66
1147594832,13,596688,45808
1147297088,13,585144,18359
1152034707,12,601240,40921
1151421203,12,594980,35080
1151644992,12,68904,101
1145229416,19,588752,60414
1153006076,12,597808,41829
1151909759,12,586456,4701
1146415233,19,588280,1474
1146423248,19,588108,1656
1151618381,12,79300,72
1140649694,8,568332,33043
1149504968,13,581520,50589
1151619377,12,79260,63
1140295831,8,568336,26496
1139411490,1,43784,3612
1154329269,12,95192,1900
1152736883,2,583812,49430
1153058481,12,1448832,23526
1148853920,19,932312,20662
1146414570,19,588088,1625
1154028268,12,599776,42358
1153060602,12,596696,43828
1149591197,19,63888,194
1153745899,12,69916,248
1152341289,12,83100,218
1144505464,2,570632,32028
1145921406,8,20316,61
1152178738,12,25640,56
1148641182,19,598228,5729
1147975119,13,0,1
1151631112,12,25680,59
1139885209,8,572640,29080
1140766735,8,569432,29972
1147885374,13,99036,933
1141860080,9,0,1
1147676053,13,60316,169
1140836725,8,567992,27245
1151650823,2,64228,52
1153721777,2,67256,431
1151266358,13,72700,1851
1151658509,2,55992,88
1151665060,9,16420,85
1150525125,21,598376,28318
1152174995,12,87500,111
1146419825,19,591116,1707
1145590856,19,600748,53296
1151666659,12,79276,77
1148065165,13,84180,627
1151266959,13,1740048,34834
1153035804,12,597048,39319
1146582401,13,576704,26746
1149657976,19,63864,192
1151086449,8,592296,45847
1151557109,12,594480,33334
1148063660,13,85696,257
1145245159,19,603780,46952
1137500463,6,2098264,2940
1146191470,19,664480,23059
1153229826,12,0,2
1150799782,13,43860,3606
1152849002,12,1584048,35407
1153721176,12,71408,239
1146418525,19,588040,1912
1150439715,21,55784,13
1150441575,21,608800,26192
1145875461,8,574536,29226
1153147729,12,81524,2941
1151730433,2,64236,65
1146667893,13,81308,6213
1153728612,12,69872,243
1149726439,19,622412,23547
1146668646,8,575564,31515
1151313227,13,596588,32834
1146444680,19,588304,1687
1147715999,13,1549060,36145
1150107026,13,597644,48507
1154329212,12,595592,173160
1148075442,13,74952,1850
1151723222,12,71604,1849
1146188085,13,71760,1853
1152780331,12,596524,41385
1140916885,8,577580,32418
1145477781,13,581924,24285
1151512591,12,596884,36630
1151732979,12,85196,64
1147951375,13,0,2
1148683327,19,598876,5730
1146419828,19,588100,1711
1145104611,13,579984,22272
1150469516,21,593716,6035
1140647474,8,567972,40506
1146416657,19,588120,2054
1151856982,12,76708,1852
1150815264,13,583716,46157
1150815797,13,589604,58059
1152697387,12,1763904,34884
1151730006,12,67004,74
1136278079,6,57052,1849
1152036951,12,74628,1852
1151647719,2,20268,56
1147453234,8,52940,76
1151438033,12,592648,33019
1144421464,2,570108,34576
1152648002,12,1779840,33878
1150575080,13,595776,44180
1147965739,13,0,2
1152689772,12,674632,41539
1147725919,13,584240,21611
1152188975,12,1577456,28695
1147269008,8,577720,31023
1146019442,13,586984,26594
1151738927,12,68920,65
1151613160,9,1569412,49095
1151815067,2,69148,958
1152301016,12,81496,607
1151543964,12,1562872,36010
1153125463,12,600504,39968
1152899108,12,1578292,21005
1145332374,19,600340,58369
1150929478,13,0,2
1154446513,12,1623240,30469
1147301382,13,580916,19921
1144418531,2,571764,29816
1148621810,19,599052,6005
1152455974,12,0,1
1149580062,13,579452,38662
1151646849,2,20300,54
1151661564,12,76564,1852
1151742509,12,79284,66
1151646843,2,20280,53
1151655234,2,56180,53
1148065161,13,20728,50
1153753850,12,592916,40705
1140754182,8,567496,23792
1140987470,8,570840,28165
1147964883,13,582484,17808
1147401458,13,583392,18879
1151642011,12,79240,65
1147953116,13,581220,15915
1148290384,21,43628,3
1136287448,6,58432,1850
1139463277,8,552200,7454
1151646552,12,79196,56
1153108390,12,594716,39327
1145721805,13,579528,26129
1145178046,13,581812,23472
1151733830,12,25688,65
1136277777,6,59864,1854
1151044239,13,594532,36990
1151753131,12,85600,78
1151815742,2,56040,82
1139466297,8,558632,7311
1151659950,12,76568,1849
1150447943,13,72756,1848
1151622701,12,20692,77
1151314299,13,593388,33378
1153738586,12,69864,265
1151728809,12,25664,69
1153754204,9,580544,50274
1149606972,13,72684,1852
1147421964,13,61448,1852
1152299701,12,1573580,31135
1148229830,13,71792,1852
1146326752,19,1254768,26558
1147680097,13,608228,40729
1149426137,13,84680,173
1149583978,13,595176,29739
1147726816,13,20732,46
1147965035,13,582800,16191
1154123849,12,595940,44168
1139423341,8,552012,2385
1145245154,19,603144,55375
1153813243,12,594944,43113
1151163602,13,1565240,34367
1148022177,19,614472,31528
1147299548,13,586456,18929
1149768063,19,615552,25265
1152002984,12,596228,34479
1146412346,19,588068,1417
1152174875,12,76632,1850
1152545146,12,0,2
1154442945,12,112292,1949
1146811029,20,63868,205
1148239106,19,81556,5603
1148457253,19,615868,23722
1148645389,19,598236,5846
1144599346,9,570444,29781
1151302754,8,61892,1854
1147298103,13,583052,18533
1152555594,12,0,2
1146582402,8,608832,33610
1145871964,13,594396,28404
1141113480,8,578376,52773
1148621349,19,598892,6199
1150983000,13,1639648,37649
1151626754,12,20716,81
1151715115,12,67204,62
1150573599,13,593860,47957
1152445023,12,0,1
1151693469,12,74348,94
1150969883,13,586428,47906
1149375066,19,615696,23927
1146413145,19,588064,1429
1151742988,12,25688,71
1154582693,12,121000,6165
1151664719,12,20716,84
1151734250,12,79276,72
1151710260,9,20280,60
1150800113,13,53540,3606
1149077572,19,581584,6693
1137565989,6,630948,2178
1149858596,13,1189376,25346
1151657634,12,69568,53
1148075442,13,1227412,31058
1149574104,8,61864,1852
1150813249,13,53616,3606
1149574938,8,590932,40657
1152959364,12,625192,43166
1147788891,13,595408,41712
1153229455,12,0,2
1147673827,13,675316,40678
1153733625,12,74816,245
1149648170,19,63880,195
1145180517,8,581440,30233
1148835687,19,598920,6030
1146032318,13,581380,25444
1153808179,12,594928,41626
1149124308,13,90136,172
1139414647,8,551944,2201
1150485041,21,610248,5281
1151609606,12,20700,79
1150121963,19,616088,25858
1151112820,13,603492,32136
1147677517,13,591288,40087
1150942964,13,0,2
1147297094,8,572628,22174
1148025912,19,630724,36456
1151791894,2,63008,95
1150446756,13,599960,173690
1149156292,19,331864,1264
1146276292,19,601312,27223
1152529933,12,146760,371
1147473776,13,591404,43915
1152577148,12,82528,171
1151648851,9,64168,51
1146180687,13,75964,3681
1151620158,12,20724,79
1151933284,12,83424,334
1149772028,13,592192,41763
1136494615,6,646096,49475
1154329209,12,1581148,29602
1153173682,12,594684,38838
1153079018,12,599276,44079
1147297116,13,574528,25815
1151115338,13,593340,33564
1151791591,2,62916,86
1149768372,19,613296,21912
1152573409,12,0,2
1150469667,13,584188,54645
1151651643,2,64184,61
1140726929,8,568580,37276
1148653860,15,0,25
1145232927,19,609824,65925
1151732992,12,79292,66
1147297539,13,578928,26842
1148645702,19,599604,5956
1151815734,9,20316,63
1152009008,12,641668,33955
1146414513,19,588284,1512
1153229105,12,0,2
1145905671,13,584608,24858
1151648863,9,20276,50
1146413154,19,588100,1477
1148065570,13,90112,7413
1147300896,13,584172,20907
1150822016,13,592184,42090
1149504824,13,0,1
1151718083,12,25648,62
1151656497,12,71920,1854
1147300021,13,581328,19021
1153141246,12,68944,84
1149796326,19,617456,23348
1146451766,19,0,9
1151653211,2,20264,53
1149911713,13,595828,42094
1152180291,12,95404,199
1151730431,12,79284,61
1149484704,19,630952,26508
1145875466,8,580916,27098
1145255984,19,1133808,48420
1147967104,13,81912,7213
1151939549,12,601548,34937
1151792489,9,45752,97
1150967479,13,0,2
1156230889,12,589456,173312
1145336588,19,599888,55649
1139505278,8,568564,34394
1153750404,12,80336,248
1145255984,19,602264,52648
1146417153,19,588104,2809
1139548432,8,0,2
1152342222,12,599752,42224
1149398857,19,613588,20060
1151303381,13,61992,1851
1149121737,19,581616,6810
1151714646,12,74628,82
1153732434,12,598732,173936
1151303907,8,63492,1852
1146418577,19,588320,2244
1153038159,12,67288,89
1147399543,13,580048,17540
1146446462,19,588056,1538
1153223730,12,595796,39235
1151910829,2,61008,1851
1153722379,12,74788,244
1152168757,12,64596,50
1152784803,12,594772,36757
1151056455,13,608636,41385
1153724743,12,79272,51
1152514472,12,0,2
1146444491,19,588048,1548
1150820819,13,71676,1851
1149077595,19,582288,6613
1151556804,12,599672,34261
1147965743,13,583124,18405
1139390548,8,559212,1080
1146418559,19,588084,1924
1152959359,12,630376,44343
1147622964,13,579568,42372
1148457873,19,1164556,35429
1153735361,12,74852,245
1139579210,0,283784,3369
1147790028,13,565968,20043
1151406008,12,87548,444
1152145572,12,594804,31115
1149447721,13,72812,1855
1149491940,19,36464,2
1146010823,13,589416,26941
1140800677,8,0,1
1153736845,12,85216,262
1143847915,8,556212,10002
1136977612,0,0,1
1150644749,8,61964,1849
1148877679,19,600216,6294
1150497833,13,591760,40955
1148878169,19,598856,5986
1151694554,9,62696,90
1149886888,8,585376,57688
1148047474,13,599552,42669
1139616753,8,560128,23488
1145330506,10,591216,53411
1153753214,12,80216,432
1152031377,12,106040,686
1140909710,8,575940,27141
1149842664,21,0,2
1152002986,12,620480,31215
1145105023,13,577436,29971
1151626749,12,20688,96
1141818159,9,0,1
1145883684,13,573548,28951
1149653892,19,63844,189
1151721303,12,67624,63
1147595796,8,585044,53112
1145260781,19,620636,58644
1152172029,12,100012,239
1145904586,13,87140,956
1151707373,12,90236,274
1153751541,12,80284,423
1147984868,19,0,2
1145105136,8,576172,31883
1147673171,13,597800,41818
1145656365,13,598300,25246
1146448262,19,588244,1674
1149660694,19,63848,194
1154357443,12,593800,173256
1151752768,12,79316,73
1141522723,8,569664,30546
1149625137,8,581656,50366
1140796331,8,589096,32121
1151574894,12,593604,30743
1145219179,19,670056,63383
1151309431,13,597360,40529
1150644742,13,599004,42584
1146414543,19,587248,1688
1151621418,12,25656,77
1147726818,13,910844,5810
1152628547,12,1561528,34227
1151304453,13,1575268,34986
1151747686,12,85200,67
1147389928,8,591704,18891
1153745300,12,80172,432
1139427943,8,552104,2402
1151715115,12,79312,58
1146222857,19,597580,22155
1151692399,12,69692,86
1145910458,13,25664,62
1141108210,8,0,2
1151739671,9,64236,76
1139388649,8,559480,1057
1146447192,19,588104,1553
1146445804,19,588112,1512
1151718510,12,25704,68
1151496134,12,1570592,36371
1146026206,13,581044,26360
1151656139,12,71576,957
1150970735,8,625292,47241
1147674720,13,593288,41219
1145650745,7,67208,1322
1151115336,13,596796,34782
1151753897,12,74832,63
1145393984,13,577180,25741
1148343042,19,1356456,47522
1151815432,12,71652,960
1147303147,8,572372,20814
1149515651,13,604496,43241
1151710657,12,25632,68
1153226787,12,0,1
1153222131,12,0,2
1149507722,13,580600,47521
1147537200,13,609816,47162
1145887226,13,585476,27426
1149508614,8,615156,40231
1149587213,19,616080,22310
1153062048,12,596636,38604
1150968281,8,0,1
1153006678,12,611596,38330
1152008603,12,609416,37751
1150606784,13,598152,43110
1147216216,19,1436720,30351
1152178733,12,78768,169
1140073195,8,569464,29472
1139404911,8,551360,3360
1153731915,12,80236,248
1145178043,13,608928,24003
1147677879,13,595772,43406
1146518171,19,1393944,32480
1152106545,12,75632,126
1147949616,13,71768,959
1147451550,13,20296,75
1149669230,13,595176,34888
1147471013,13,580216,50453
1151304558,13,72680,1853
1148877862,19,598148,6102
1149064573,21,931308,18772
1137044524,0,633480,1783
1150969824,13,1528948,29316
1152184388,12,602884,36216
1151435605,12,79228,49
1151664305,12,20716,76
1151720890,12,74896,73
1152038638,12,77600,961
1146180646,8,62220,3682
1149409061,19,613112,18938
1149507210,13,75212,1849
1154028268,12,598260,41559
1151664719,12,68848,98
1149791689,13,1603504,37373
1142834681,9,573232,34132
1152084871,12,617496,35050
1147400303,13,567748,18930
1153807010,12,610048,43439
1144418521,2,571100,32059
1150645577,13,1109000,35148
1146731859,13,76408,5385
1151709427,12,1560384,28635
1142813833,9,573728,31438
1146582398,13,589524,31706
1149487176,19,612964,23094
1151724008,12,25676,60
1151056448,13,600676,38630
1154385638,12,1640128,36269
1151792497,9,16388,98
1145518590,19,600900,46688
1146448529,19,588088,1490
1145908767,13,40168,73
1147373189,13,580316,17888
1151658121,12,72184,67
1144235842,8,560352,18696
1149697588,19,624432,26140
1147725444,13,585440,22353
1151814646,2,64732,1848
1149446945,13,594904,40260
1150797778,13,53544,3606
1151815438,2,61044,968
1151049196,13,594628,36104
1151737936,12,1581788,28166
1147676742,13,596112,44444
1148015847,19,620520,36773
1150100041,19,616048,23017
1150934872,13,0,2
1145882109,8,573544,26807
1151791580,12,74288,91
1149586129,13,595700,31743
1151743462,12,79248,73
1151404641,9,579464,45951
1149708444,19,629604,26127
1136286318,6,57100,1850
1146449466,19,589132,1505
1147256584,13,581888,168591
1153233577,12,0,2
1140681302,8,570292,38387
1151492678,12,1530548,34100
1147297567,13,580268,20584
1150121978,19,613880,22265
1145591534,19,599688,47525
1146448265,19,588340,1645
1147430652,13,67440,156
1151744484,12,25664,64
1146444673,19,588096,1616
1153749950,12,74780,246
1151629335,12,79192,76
1140820676,8,568284,28439
1147431611,8,71688,70
1149132320,13,90044,170
1149124633,19,604116,5933
1140113937,8,568296,39285
1140702480,8,569744,28782
1147269012,13,592552,25968
1152171723,12,95856,599
1153015954,12,79300,72
1149515249,19,615080,22634
1152957859,12,596108,39234
1145417448,13,580768,23371
1147950149,13,1226528,34273
1149608522,13,109956,548
1145244973,19,602748,56952
1151266416,13,63588,1855
1153737324,12,74788,253
1149381051,19,617392,21445
1150096318,13,72200,168
1149587221,19,616280,23394
1145909721,13,582036,25554
1146412393,19,588132,1568
1151742056,12,72276,81
1145619440,19,601188,60692
1151791175,9,63328,92
1144825744,2,287160,1380
1148221944,19,609108,80023
1146723553,13,68788,3798
1149707135,13,71880,1852
1150579309,13,606400,38439
1151713175,12,74836,78
1152768662,12,601480,42276
1144416972,9,572788,34285
1151707920,12,25672,66
1151488679,12,605420,33686
1150496933,13,597124,43419
1151814648,12,81524,1178
1150937879,13,0,1
1145179308,13,589256,23824
1151707374,12,20724,75
1149560939,19,618156,20255
1149508553,8,579652,43209
1153742811,12,80324,442
1145627165,13,580284,21913
1152298202,12,1581700,39223
1149649998,19,63856,193
1151713960,9,20296,68
1150570964,13,596012,41671
1152178730,12,87464,261
1151569558,12,595836,32664
1151726013,12,75264,58
1144598333,9,575336,34518
1151747219,12,74844,59
1136283517,6,59892,1852
1153722909,2,71724,10397
1150475254,21,600080,26867
1140777350,8,568472,24534
1153806112,9,63268,1853
1153003285,12,25676,75
1149625135,8,581420,46170
1147673588,13,607220,42060
1151610690,12,1592088,35282
1139548018,8,572124,80000
1152090606,12,602692,34886
1150974556,13,72780,1529
1146443062,19,588128,1383
1145255981,19,603940,49898
1149708448,19,614164,23981
1149838041,13,1590640,35261
1145298834,19,600636,50565
1152009022,12,594396,33114
1150607140,13,600696,42998
1151500913,12,593752,33748
1149077569,19,582288,7149
1151650833,2,55996,61
1152184387,12,599060,30575
1148683258,19,598864,6073
1150558422,8,588620,50331
1140689570,8,569552,48314
1154331722,2,579964,36904
1151620514,12,74744,81
1149872875,13,0,1
1153748511,12,80256,432
1148645441,19,598844,5776
1151656854,12,25700,52
1150941524,13,0,1
1146191470,19,596936,26909
1146791641,20,1470516,29814
1152346276,12,76540,1851
1150447845,21,618672,21380
1150448062,19,613440,21961
1149562076,13,599368,34919
1150735177,13,53548,3607
1146418569,19,588036,1730
1152904480,12,604316,48841
1152106244,12,20752,76
1150040174,13,599408,46286
1147419353,13,71280,97
1140090499,1,277240,784
1145904765,13,82128,963
1151620146,12,68960,87
1150984138,13,592860,38068
1140925738,8,571504,27651
1152636869,12,1773148,38364
1148090401,21,615360,33770
1148057706,13,117696,959
1148063663,13,95100,10677
1149858438,19,98996,32305
1153224571,12,601352,40590
1149397412,19,618632,19575
1148198335,19,619160,31913
1153750399,9,71144,262
1152448050,12,0,2
1149432410,13,1189708,32662
1146413692,19,588076,1431
1150557163,13,580916,43273
1151711006,12,25696,53
1145181045,13,583996,25601
1147348313,13,85648,61
1148408230,13,584340,26045
1145905680,13,581808,25686
1151722147,12,25656,55
1148409014,13,581800,24135
1149728106,19,620452,27067
1151642017,12,25684,53
1151697823,12,1573620,32602
1146445812,19,588052,1554
1151399852,12,598200,42304
1146446601,19,588316,1618
1150072122,13,72252,171
1151651195,12,25672,50
1139421301,8,69544,4546
1147474651,8,579448,44559
1152691388,12,1563160,34435
1149132325,13,184144,168
1150449021,13,72696,1850
1153748091,12,79264,59
1140800432,8,577176,28057
1151481420,2,20292,50
1151733399,12,25664,74
1153024119,12,1585412,35260
1145180518,8,593872,30268
1150827402,13,602664,48627
1150794869,13,53516,3606
1141716891,8,575016,51145
1151733833,12,69444,64
1148031667,13,584152,20457
1153816284,12,622064,39974
1152667445,12,1644504,24692
1150810669,13,53536,3607
1150074597,13,72244,169
1146448572,19,588268,2030
1139457920,8,558796,7208
1142011629,8,287216,1483
1148954167,19,598172,6124
1151650126,12,25680,59
1136325374,6,957636,513
1151432717,12,76588,1851
1152042267,12,608456,44751
1148878169,19,600084,6240
1150967760,8,0,2
1153750006,12,74828,242
1151399860,12,588492,174218
1149673829,19,80940,61
1150815269,13,584068,54856
1144598368,2,65816,1851
1157537445,15,25652,60
1151656136,12,76712,951
1145298555,19,600980,48468
1154783116,2,576812,173172
1151654053,2,20280,57
1146444652,19,588080,1529
1145350406,10,587452,65816
1152174992,12,30628,81
1146026240,13,582060,29479
1151624142,12,25676,67
1151734966,12,25664,58
1155106385,12,588560,173231
1152105076,12,25676,65
1153746523,12,25680,53
1147789723,13,1555852,30300
1145529060,19,589364,61995
1153732434,12,74784,247
1151754969,12,20748,82
1149773553,13,1597080,37515
1152026213,12,125756,2212
1146444952,19,588104,1519
1151914046,12,83004,414
1149490518,19,617296,27162
1151216414,13,1568964,37098
1146414612,19,588316,1681
1151651298,9,56012,54
1151693824,12,68888,95
1149519119,19,623264,28375
1147441682,13,60856,1851
1151502742,12,603996,32399
1148073929,21,616472,38637
1147410074,13,79264,51
1153018829,12,68888,73
1150525953,21,599416,26140
1147947032,13,0,1
1145883702,13,76692,1847
1145371795,19,605904,57737
1146723587,8,65792,2193
1151443845,12,1593000,37091
1152454771,12,0,2
1151440411,12,591560,40758
1147952399,13,0,2
1151266924,8,82340,355
1151750788,12,25688,64
1150974536,13,72708,2420
1147371704,13,581296,16024
1150934490,13,0,2
1151616217,12,84228,186
1139421901,8,58004,3582
1151556533,12,596368,33822
1151115336,13,593936,31430
1152344565,12,87696,4504
1139411713,8,556008,2067
1150941236,13,0,2
1139336085,8,558624,3532
1148021891,19,616176,32310
1140100735,8,566596,38099
1152340337,12,87464,2864
1154328602,2,597084,173176
1152300055,12,1545756,29233
1148877865,19,598336,6215
1151619070,12,20732,86
1146558619,19,1396744,29910
1151730010,12,25688,71
1145566774,19,614056,50677
1152174872,12,74864,1851
1152180642,12,95380,196
1153109422,12,611124,40318
1151626402,12,25668,69
1152343186,12,594700,31852
1151748168,12,25684,60
1147422924,13,60780,1855
1152182768,12,593600,31576
1153187029,12,595552,49006
1151658474,12,597664,37964
1153735360,9,62680,265
1147429391,13,569980,21690
1152927769,12,596892,40032
1153107317,12,596936,45314
1151658109,12,64844,72
1146447194,19,588056,1615
1153753575,12,80852,963
1147995475,19,1412876,33364
1146428621,19,588080,1426
1152040286,12,602380,173320
1150455110,21,629172,24715
1151644984,12,79304,107
1148232862,13,911844,4012
1151655719,12,67720,53
1145563178,10,582256,62019
1149650734,19,76468,189
1145180507,8,573620,29706
1149938830,8,592484,57648
1145338713,19,0,6
1140643784,8,580608,43143
1145261298,19,599736,79998
1150488815,13,1636048,39476
1145875459,13,570136,28519
1154357777,12,600508,35146
1140601362,8,571408,40748
1146412833,19,590936,1510
1149515656,13,599812,46831
1146193314,19,597864,28583
1148653857,15,0,36
1136977646,0,0,1
1148683234,19,598852,6043
1145950103,13,66696,64
1151915603,2,64812,1851
1153721173,2,67248,437
1150441278,21,630584,18435
1151619380,12,85160,172
1147401458,13,579184,16714
1151720547,12,75220,98
1151750799,12,25664,66
1153735362,9,67184,440
1146723564,13,84136,2562
1151631528,12,68904,55
1153224563,12,603948,44712
1151947407,12,1523184,25242
1149978527,13,600304,46181
1145319640,19,594628,59241
1149322336,13,602732,42654
1145371795,10,587300,64204
1147933788,13,72816,1852
1137156899,6,2098328,3707
1150970754,8,579732,44190
1151402625,2,582048,50577
1151309438,13,591800,34647
1154328611,2,591700,173125
1152340934,12,81612,5887
1147726819,13,941512,6285
1146723584,8,69716,2517
1152142688,12,68964,74
1154612986,12,591540,173169
1147680223,13,598604,41118
1151653660,12,69636,66
1145877469,19,599696,51010
1149506353,13,583744,58282
1149515662,13,593260,37000
1151719830,12,20736,82
1153126003,12,20712,92
1149650737,19,63852,188
1146423605,19,588312,1463
1152763079,12,602984,44699
1147505781,8,596656,50088
1145371798,19,1118444,56771
1148318620,13,1176032,29835
1150974546,8,581536,49151
1139348017,7,554960,3362
1154024824,12,628952,174369
1146445589,19,588060,1445
1149509252,13,74972,1849
1148224041,13,581824,16686
1147788896,13,590736,47238
1147381373,13,576408,18928
1151551879,12,600628,33020
1149382814,19,613532,19412
1152048514,12,600704,45207
1150967268,13,0,1
1149507968,13,584472,51885
1150943145,13,0,1
1145180337,13,581060,23362
1151738929,12,25664,58
1151652793,2,58740,53
1151642420,12,25676,52
1148087765,21,619228,32857
1145901078,13,75256,1852
1144522724,12,592340,28864
1152172620,12,74852,110
1151654930,2,20304,57
1145261291,19,587664,65685
1149360058,13,606284,45908
1151266369,13,75268,953
1148658018,21,598960,5933
1145721802,13,575712,28833
1141860078,9,0,1
1152298803,12,1580728,29035
1149661535,19,63896,190
1145871968,13,596364,20786
1147297095,13,587284,20674
1139503057,8,567604,33659
1149544723,13,594008,32397
1148877864,19,598360,6227
1150475251,21,412516,138
1149512117,13,581752,43723
1140009066,8,567456,35615
1150448733,13,61964,1852
1151303382,13,72588,1850
1149399939,19,613276,19097
1154329265,9,583888,41951
1151517380,9,580572,43731
1149344007,13,1016412,12243
1147790018,13,572544,21716
1153816763,12,621196,174319
1151266366,13,70696,945
1154123249,12,631220,41602
1151909273,12,587904,5172
1151715534,12,25708,56
1149701764,13,72908,1848
1139566046,8,551948,2111
1150797600,13,53588,3606
1151650838,12,25656,56
1152184077,12,593952,31142
1151755339,12,25672,72
1144505470,12,580808,25864
1146414538,19,1091836,403
1151612508,12,68908,76
1148047607,13,599144,44809
1151645771,12,79244,59
1152340637,12,101280,3735
1151740121,12,25656,60
1144597948,12,586764,28036
1149272421,13,602196,173597
1149860302,19,615660,24454
1152019307,12,91872,2000
1150933483,13,0,2
1140829829,8,580716,27920
1150820114,13,72688,1849
1151118493,13,598876,43905
1140272160,8,572528,28685
1153738575,9,71180,70
1150974545,13,585760,51001
1145179063,13,580136,24142
1152571735,12,105516,445
1154030951,12,596540,41021
1140305126,8,1550356,4292
1147987267,19,614596,33542
1148053481,13,117680,963
1145232930,19,587168,65724
1140836543,8,590284,26029
1151601778,9,64252,83
1153187029,12,601444,44703
1145298429,19,600000,47992
1145178352,13,584080,27024
1149858598,13,594100,32627
1151743966,9,20288,68
1152863344,12,596888,43785
1151724758,12,68920,81
1151754249,12,25668,65
1152793327,12,591440,34845
1151650465,9,20264,59
1145905681,13,589584,24418
1149360180,19,615484,20686
1153226784,12,0,2
1153060598,12,1105540,15133
1149355809,19,931700,18932
1151712578,12,25668,60
1153816760,12,598328,51375
1145468659,19,602464,55634
1151728440,12,85648,60
1147715980,8,67216,1888
1144418792,9,571636,35180
1151916020,12,0,21913
1149329068,13,597780,44474
1151720882,12,79304,76
1149096584,19,582208,7040
1146419821,19,588308,1720
1151266889,13,579708,42714
1139392593,8,558832,3365
1146426578,19,588128,1430
1146201735,19,598200,24330
1152378348,12,595268,36112
1151266893,8,60816,354
1150969824,13,75220,2422
1151915060,12,71740,1854
1151744486,12,79340,67
1145469940,10,586636,55838
1147946822,13,0,2
1153078978,12,604624,44449
1146446249,19,588372,1533
1152742884,2,583520,57072
1153012139,12,599464,41521
1146669070,8,71436,1139
1148020918,19,617136,36914
1148080826,13,580276,16869
1139808123,8,569780,25390
1153807008,12,596852,40470
1151511542,12,594532,38056
1147676053,13,599900,41444
1147301882,13,570220,21938
1144505098,9,572204,174876
1139400924,8,551956,2111
1147340655,13,63764,1851
1146448984,19,588932,1606
1148959798,19,601044,5655
1151646233,2,20308,55
1151742986,12,79280,77
1147677152,13,583876,26021
1149505740,13,63068,1856
1152691385,12,1758860,39876
1146423243,19,588240,1425
1152742887,12,598016,44452
1152172620,12,30656,96
1145394871,13,580832,23396
1151754975,12,25680,62
1136291324,6,57156,1850
1150967839,13,0,2
1148112305,13,585384,19944
1151616518,12,79280,80
1150983414,13,90116,3568
1151651648,9,47836,54
1154550707,12,145788,2177
1151708390,12,85652,89
1153750398,12,25676,53
1150107089,8,582740,53085
1149132290,13,89408,180
1145722696,13,585412,27579
1153031218,12,1575908,34422
1145180269,13,583908,27240
1147340543,13,62140,1853
1147299038,13,576108,26686
1151791603,9,16412,90
1151653186,12,25672,56
1137054645,0,630716,1707
1147716486,13,596512,42992
1145883395,13,584148,23047
1153725341,12,80288,435
1148027997,13,582920,20325
1147184953,19,63980,299
1150966154,13,0,1
1145953949,13,71088,53
1150929503,13,0,1
1139413207,7,556032,2643
1145104603,8,574196,25738
1149867836,13,0,2
1146723794,13,581336,175044
1147673572,13,582476,47875
1140082440,8,572916,25955
1146180650,13,76648,3680
1151734244,12,67720,62
1148049546,13,68988,74
1151303858,8,63192,1852
1148027172,19,614068,31464
1151660734,12,76808,1852
1151620514,12,85252,88
1137566771,6,686024,56207
1148198818,19,618452,39022
1150970011,13,598252,46483
1152344265,12,81768,2575
1151815741,12,85180,73
1151665060,9,58536,87
1152338719,12,1772544,38466
1151651644,9,20300,57
1150107506,8,587096,47370
1149365682,19,622736,21601
1145591530,19,613056,59535
1151618378,12,61520,85
1140068931,8,567364,27765
1153723397,12,74832,245
1147759782,19,312976,445
1145566834,19,603020,56877
1148835710,19,599092,6406
1153724057,12,74380,243
1145906158,8,20320,64
1147301797,13,583824,18222
1150811181,13,53588,3606
1148621742,19,598320,6161
1151424771,12,599348,31912
1152144246,12,1228148,13371
1136977575,0,654928,56878
1149773548,13,1590320,37361
1139933251,8,572292,22786
1153108403,12,600736,42353
1153813850,12,602928,44689
1153745293,9,58976,250
1153740834,12,74816,251
1147441057,13,20300,62
1144505454,9,570636,31388
1152082621,12,592464,32903
1151721726,12,25636,66
1147222873,19,63832,207
1145721785,8,569020,26974
1147973675,13,0,2
1145177289,8,569028,26470
1151864062,12,71552,1851
1151648082,9,20280,58
1139457109,8,551144,2364
1147621671,13,584268,54697
1151625349,12,80372,961
1153748996,12,80236,430
1146669073,8,65864,2182
1149574579,13,599900,29544
1147973675,13,0,2
1148959386,19,598884,5682
1151740851,12,25668,59
1147974397,13,0,2
1146182119,8,61784,3686
1140837077,8,570396,27212
1151696739,12,25672,73
1142794858,9,552084,12654
1150968277,13,0,1
1146582378,8,575664,31704
1153740220,9,20284,56
1150970063,13,594620,36928
1151578586,12,754044,40345
1146428622,19,588264,1469
1149564671,19,613320,24796
1151933310,12,1252720,15953
1148882691,19,602052,6326
1145518565,19,592436,56681
1148884669,19,0,3115
1151722443,12,25692,62
1151411179,9,581352,45703
1148878160,19,1101636,6176
1151940096,12,595248,32633
1142711269,16,289316,14177
1151086809,8,583888,46068
1161852966,15,291696,26483
1151909275,12,589296,5171
1153751547,12,85140,56
1153744701,12,74780,55
1149367975,19,624872,21188
1145471142,10,585180,66462
1152898237,12,598088,34133
1151654403,9,20284,65
1148657967,21,600208,6350
1145572631,13,596120,22903
1139412010,8,551732,2058
1148114109,13,583460,16414
1149840413,13,0,2
1148239220,13,956700,5523
1151742051,12,74788,86
1154328611,12,594936,25210
1151909278,12,586532,5168
1151014549,8,586668,35155
1144599128,12,603704,27720
1139399344,1,0,2
1149335119,13,597808,40595
1152340939,12,86508,3276
1148350354,21,1334004,28776
1151614837,12,597940,40979
1151708399,12,25668,62
1151458202,9,583836,39560
1144599121,12,583348,29014
1148042651,19,81756,5605
1153816279,12,598672,45517
1150082145,13,72192,168
1149355803,19,950104,19204
1150737581,13,43868,3607
1136977618,0,0,1
1149132587,19,603440,5802
1151013960,8,597648,41679
1149448594,13,605804,41790
1146276296,19,596540,26177
1151304499,8,607336,48089
1151745433,12,25660,64
1149446936,13,605348,39073
1151439000,12,25676,52
1150936742,13,0,2
1136300196,6,59892,1857
1151748591,12,36204,67
1152691900,12,1773452,34587
1152973521,12,594296,43812
1147999875,19,618120,36302
1150735634,8,43836,3607
1146195284,19,595540,24011
1145483030,19,585988,58440
1151626402,12,94088,339
1152780331,12,595584,39493
1150448391,19,613348,22085
1150446584,21,0,1742
1152628538,12,1442676,23246
1150039699,13,597696,43022
1139930963,8,568460,24391
1145178349,13,571276,25528
1149538882,13,601920,32567
1153813252,12,628924,41161
1146446913,19,588028,1624
1149582076,21,615552,25662
1152299407,12,1581232,30120
1152531267,12,0,2
1146419516,19,588072,1714
1149401303,19,613248,17983
1148343312,19,1622196,4353
1154023978,12,609252,43491
1149624865,13,595256,41211
1151302756,13,72684,1851
1151726322,12,85540,64
1152143303,12,104476,193
1151553294,12,598416,31438
1153187617,12,0,6
1151619791,12,86752,267
1147621694,8,582940,54230
1145656353,13,579136,173595
1148859352,19,598652,6176
1149348805,13,1185820,28738
1136292105,6,951772,442
1152039530,12,85172,85
1140076836,1,277224,5616
1150086821,13,72212,169
1148946080,19,598864,6086
1151948446,12,596816,35210
1152105075,12,71656,962
1148621845,19,598900,6371
1153116018,12,68952,82
1145179496,13,570744,27549
1151069901,13,71528,1850
1153107314,12,595672,173155
1140930956,8,568096,24838
1145331737,19,599104,75177
1154126576,12,596840,44899
1150557466,8,587544,52437
1139338142,1,0,2
1145337517,19,600144,58096
1152339562,12,99804,10225
1144418485,9,569756,32006
1147381371,8,64636,1851
1152341290,12,597040,42612
1145566803,19,583544,61137
1147878101,13,1550624,27883
1154850442,12,288740,21886
1151693467,12,80304,118
1149138067,13,90072,171
1151659223,2,16424,95
1148342720,19,146940,368
1136289831,6,57188,1850
1151500255,12,598892,32212
1153724054,2,20276,54
1146199984,19,599116,26839
1146444682,19,588100,1647
1140867631,8,567948,29764
1151712865,12,79328,75
1151791172,2,60324,103
1151713621,12,79284,63
1151932827,12,599376,33342
1145875482,13,594516,27701
1149576193,13,584176,39755
1150849644,13,1556988,31299
1153900987,12,74844,258
1139893390,8,77592,3983
1148057292,13,117732,955
1150479178,21,601712,32102
1151748601,12,70580,67
1148139075,21,626212,40308
1145013218,13,584464,25044
1146723590,8,68732,2544
1148063668,13,98432,9045
1145497239,19,1380896,40875
1139099152,8,574364,71249
1148961682,10,581576,4365
1152794370,12,598628,37729
1152665136,12,1773500,34618
1149697298,19,615328,22670
1147298098,13,582328,19552
1149990184,8,581304,53605
1151615168,12,20716,85
1148198217,19,615060,36936
1145468282,19,586112,64650
1153225949,12,0,1
1150795530,13,53580,3607
1151652358,12,66168,51
1146180678,13,61860,3683
1153062046,12,595956,41085
1153065127,12,596936,37621
1148658026,21,1100704,1374
1146444149,19,588136,1415
1151917859,12,75640,681
1153754503,9,585688,48789
1140008706,8,566204,36684
1149584211,13,595176,33864
1146821352,8,1194964,39911
1148079143,13,585328,20858
1149838863,13,103456,3532
1150489476,13,632992,43293
1151609364,12,602484,43674
1151721306,12,25688,74
1146180649,8,62704,3683
1152445011,12,0,2
1148859355,19,598880,6137
1151583393,12,25672,78
1150448389,19,615268,26936
1147348365,13,581776,15781
1151731146,12,1548436,27199
1145876771,13,570408,28420
1151535853,12,601352,35069
1149574459,8,581748,34978
1154029922,12,599012,40482
1146449464,19,589332,1718
1149136750,19,931888,19965
1151645339,12,45452,55
1139409927,1,0,4
1145505824,13,578684,28616
1148552761,19,613996,34489
1151622283,12,83384,55
1152341286,12,81516,2903
1152039541,12,597364,40615
1148077362,13,20724,48
1151448069,12,595292,33485
1151647716,2,56012,55
1145722275,13,597392,25289
1146444687,19,588332,1609
1151814657,9,64668,975
1145656371,13,572128,26999
1154511614,12,1776688,33110
1153229819,12,0,2
1151439000,12,25652,49
1144599121,12,1111272,16087
1153984950,12,1548704,33424
1152170913,12,20760,82
1147299048,13,580728,22453
1148053481,13,117536,983
1151656501,12,76572,1850
1150084715,13,72232,169
1151650115,9,20296,61
1150121969,19,617856,24282
1151630021,12,25660,55
1151719358,12,25648,68
1151749013,12,25660,60
1151702546,12,79252,77
1152298201,12,1603728,36125
1146327076,19,1280472,26088
1150854109,13,601168,46037
1151056764,13,594212,39614
1151642438,12,25656,50
1151724328,12,82424,958
1145179007,13,573536,23852
1150983838,13,597028,42181
1150441276,21,618688,24107
1153228678,12,597652,38728
1151535493,12,629856,34133
1147768367,13,60348,170
1147347947,13,583404,19821
1152445614,12,0,2
1150974551,13,62992,2421
1145719438,19,0,7
1147506510,8,588436,44284
1153228325,12,602060,41652
1145882138,13,581048,24214
1146193749,19,596788,24227
1148858914,19,598932,5802
1151740118,12,25660,71
1150734701,13,53572,3607
1150497845,13,597792,44482
1150088864,13,72240,168
1149405315,19,615052,19189
1147401458,13,586892,18376
1151792489,2,62936,94
1151727526,12,1510852,27023
1149847665,21,628508,23929
1147947034,13,0,1
1150495666,21,600612,27186
1147455364,13,71132,69
1152184077,12,593888,32163
1148025922,19,617320,32796
1150812084,13,53592,3606
1151619067,12,20744,92
1145883755,13,586324,29086
1151717320,12,66408,75
1149938658,8,591532,59718
1136297551,6,59900,1853
1152178736,12,77716,100
1147298583,13,581816,19836
1151049184,13,596548,33686
1150970735,8,580460,45203
1140689387,8,578956,48176
1153228736,12,616132,41527
1153813847,12,600844,47462
1149135108,13,288848,1044
1151738923,12,79208,64
1150974533,13,606832,45135
1150584494,13,582724,47509
1141944678,8,568748,34526
1146669073,8,80688,3845
1153733022,9,67304,244
1149768373,19,616412,24726
1151629736,12,25644,61
1150128237,13,608084,43225
1150970063,13,603488,41692
1151712150,12,61916,79
1151614848,12,595844,41865
1147954131,13,0,2
1153013040,12,66328,82
1145887794,13,20316,62
1145981091,13,578184,27648
1136287453,6,59880,1851
1151749018,12,79220,63
1149731549,19,614836,23546
1136276997,6,958916,448
1147461180,13,580476,51082
1148457551,19,618176,40506
1144598368,2,587468,26782
1151654091,12,25664,58
1152730417,12,609072,46404
1140553962,8,568424,44977
1154850447,12,291948,22209
1149893669,13,706144,45310
1148953012,19,598888,6115
1149708444,19,616616,26671
1151108197,13,597904,41748
1152942588,12,605396,45283
1147297118,13,573276,22235
1144418963,9,576984,33596
1147431036,13,20304,66
1157536368,15,25660,50
1151646837,9,20284,51
1149268811,13,25672,58
1145723895,13,594252,24292
1140043362,8,567988,35465
1152182764,12,595952,34382
1152035961,12,20708,78
1145180204,13,584672,25272
1153742335,12,74868,57
1149888299,13,633964,52075
1149869068,13,1594276,46847
1148117252,21,624460,37559
1148157341,21,0,4
1152980662,12,600732,47226
1151056754,13,593532,40262
1149994691,8,585928,59019
1150030215,13,599936,46865
1147726816,13,906392,5239
1151266924,8,1815228,49835
1151435600,12,25696,54
1151645759,12,79248,64
1147432152,8,570788,24747
1148014708,19,615096,31964
1151314302,13,598460,35824
1151609607,12,79252,76
1150096364,13,72280,169
1145878340,13,582344,24558
1153726370,12,85172,239
1151938230,12,1582404,34489
1151622011,12,85176,62
1152103988,12,1581744,34621
1150448395,19,620392,23452
1152090601,12,594456,34619
1153984956,12,1601400,34406
1153744694,9,67256,444
1150496934,13,603436,47006
1147949619,13,96544,10752
1149495479,13,100472,168
1146445269,19,588104,1484
1154584458,2,1035564,2637
1146582372,8,572808,32234
1149489451,19,622568,24563
1152009439,12,591660,32410
1152344576,12,85532,6292
1151648078,9,20324,51
1150446756,13,585436,48937
1147715987,8,59440,1855
1149583580,13,61836,1851
1145992167,13,576224,33676
1149125325,13,1321828,37924
1147301384,13,581416,21939
1136301424,6,57176,1855
1152340326,12,82020,329
1140282043,1,0,1
1140282956,8,569312,24423
1151714337,12,68892,76
1147299552,13,593520,22186
1149728109,19,616260,23877
1147894430,13,76260,165
1146222923,19,602152,32618
1140751756,8,567736,32351
1151432209,12,598996,32762
1147676058,13,601464,45329
1151653671,12,25676,65
1149749879,19,627572,33753
1153721779,12,85188,248
1148351196,21,1585516,1703
1152793846,12,596092,41718
1151730796,12,25704,62
1149659407,19,63840,190
1146665947,13,576572,28446
1148549802,13,70284,1855
1150485043,21,612856,3641
1144505460,9,634840,38330
1151302754,8,63328,1853
1151500909,12,25680,50
1150447330,8,65776,1854
1153229465,12,0,2
1151512234,12,591720,31413
1151659597,12,79308,65
1145247892,19,600008,50140
1146415384,19,588080,1702
1150871548,13,106284,2901
1149546481,13,603728,36640
1149515241,19,610080,3801
1147299048,8,584544,22484
1139412074,8,559768,2050
1137052672,0,630676,1738
1147347280,13,581140,17499
1149134478,19,582264,6991
1139392525,8,551500,2103
1153187031,12,82060,1427
1151715540,12,25680,59
1145261287,19,600668,54875
1150447940,13,72676,1851
1148549942,19,618412,38580
1151628621,12,20720,79
1151721717,12,25696,61
1147297574,8,569164,19547
1147953775,13,0,2
1144598929,9,570780,33035
1148027999,13,581028,16845
1153807753,12,593052,40374
1152145575,12,593740,31619
1145910461,13,82184,969
1145372102,19,605312,55925
1152169651,12,25692,67
1151701675,12,74988,66
1151731146,12,25684,77
1151627943,12,79244,72
1148884538,19,598876,5994
1153900557,12,600916,42042
1150557278,13,594960,37334
1136977615,0,0,1
1151656486,2,63544,1852
1139467555,8,555492,7303
1139418216,8,559460,2133
1147933818,8,580500,45987
1150072558,13,72260,168
1139871293,8,572076,23986
1153006681,12,601596,42209
1149662820,19,63864,190
1150813252,13,77564,1888
1150123337,13,81704,1895
1151732556,12,70880,69
1145261287,19,600700,53118
1145907058,8,71812,64
1146023438,13,581980,28606
1145876371,13,584744,27318
1142784771,9,195256,157
1151657639,2,20300,47
1156778249,15,1627152,40087
1151056763,13,71624,1849
1149513681,13,592820,32625
1149142529,19,927548,11892
1150967749,8,0,1
1151733403,12,25644,66
1146668643,8,570504,27840
1146412691,19,588024,1509
1150084726,13,72212,169
1147726813,13,79812,46
1145178049,13,588248,8291
1151553292,12,594208,34057
1149624859,13,596396,39094
1156142448,2,77300,1879
1151421199,12,602744,33403
1146327072,19,1255920,26859
1139462733,8,558676,7304
1147716477,13,595192,42360
1151742050,12,79296,69
1139347414,7,556060,3371
1147725929,13,586212,19155
1140880403,8,580112,26762
1146577696,13,577608,32434
1149892232,13,597700,48111
1151650843,9,56536,45
1145179013,13,581228,23044
1149508595,13,580600,36173
1151644203,12,85172,63
1151702963,12,25656,56
1148075342,21,616076,33803
1152169232,12,79220,63
1154421224,12,1759044,39063
1146026233,13,585268,24191
1150974548,13,63464,2422
1149710644,13,596784,47777
1151442332,12,596248,36953
1150797379,13,53624,3606
1151613481,12,77280,59
1148961331,10,597376,6956
1153721176,12,80272,238
1147954481,13,582308,19530
1146723766,8,73552,3218
1145883696,13,72808,1849
1157702870,15,1164372,175314
1152687334,12,630688,39273
1146425055,19,588272,1528
1145950103,13,63240,102
1140988310,8,567256,24013
1148064238,21,627788,42267
1150924391,13,0,2
1149398847,19,614184,18701
1147995831,19,82684,418
1145105079,13,581324,23565
1146215265,19,640180,25989
1151740815,9,20300,76
1149796335,19,613324,22892
1147381365,8,573592,21964
1136494740,6,655760,50092
1150854089,13,1565352,39473
1137500400,6,1574000,3102
1145179016,13,576528,30012
1153122259,12,605140,44243
1153730831,9,69160,436
1146576364,13,579324,30431
1151815435,12,1582124,27974
1147483634,8,579652,47275
1153727386,12,591716,174904
1151916589,9,583812,39848
1140554441,8,569816,46136
1152299702,12,1585452,29654
1151049191,13,603132,31782
1151506206,12,635900,33193
1151302035,13,596640,38231
1139463093,8,552664,7606
1147723118,13,60332,171
1151655230,9,20272,52
1150817859,13,72764,1851
1147950695,13,92608,6219
1151430586,12,85140,65
1139955601,8,571652,27277
1151303381,8,63328,1851
1151661097,12,84772,4380
1151699034,12,68928,74
1147436823,13,63484,1854
1150100625,13,597096,42118
1145524477,19,601304,59541
1151267295,13,1584696,51242
1145950635,13,79276,64
1152566943,12,0,2
1149768372,19,615492,23340
1151910539,12,75440,1853
1151746724,12,85304,63
1152036472,12,598636,50114
1150037524,13,0,1
1148657232,21,598756,5933
1153225954,12,0,2
1147448217,13,60840,1850
1153739698,12,85184,67
1140636535,7,582360,38779
1152730414,12,629836,39546
1155106375,2,579440,173124
1153108931,12,623648,40829
1151656492,9,55968,54
1147347298,13,572244,23217
1151815734,12,25684,74
1149493390,19,615192,24938
1152531261,12,151900,419
1145374615,10,588992,60087
1151744985,9,20292,60
1146580814,13,576220,32822
1146665934,8,577292,29716
1151733406,12,25672,71
1151630268,12,68864,46
1152170918,12,89176,122
1151072183,13,597000,41061
1153076917,12,596608,41630
1153926327,12,594644,43953
1149321800,13,1741676,31504
1150492010,13,74808,1849
1150734711,13,43928,3607
1146665947,13,581564,26121
1153066839,12,593316,42401
1150030212,13,605488,45913
1149570411,19,614924,23520
1151653192,12,25664,55
1151699031,12,85156,67
1148032866,13,581828,16145
1148653925,19,598288,6364
1150441577,21,597000,30216
1151609366,12,592292,37619
1140036598,8,567664,34925
1149507231,8,582172,50510
1150449030,13,594248,46649
1152174881,12,65940,59
1151616990,12,85196,79
1148338549,21,2146536,4264
1150468736,21,597604,27265
1152839860,12,596896,40230
1149959268,13,597224,52522
1149421799,19,613548,19420
1152179144,12,79248,59
1144418524,2,573940,25139
1152899833,12,597928,41247
1153723401,2,20292,52
1147297096,8,570200,19350
1146446594,19,588020,1714
1151914033,12,75492,432
1152083098,12,595656,33815
1151657334,2,55964,53
1150122318,19,614264,24076
1149373072,19,627996,19304
1144505451,2,60924,1854
1149910874,13,614636,52494
1153983803,12,588344,173284
1153061563,12,595264,38114
1150938719,13,0,2
1147429570,13,55208,67
1149587218,19,616360,22052
1151310377,13,599172,47207
1151054168,13,616808,38594
1151711009,12,85216,80
1152538523,12,97372,184
1151646541,12,68880,52
1152168755,12,68928,122
1147788758,13,571180,25250
1143847726,8,560368,15349
1152570743,12,0,2
1144418961,9,576320,34606
1151302042,13,583528,51474
1147725444,13,580308,19639
1140831430,8,575036,30652
1153749999,9,71084,244
1147594839,8,584736,49209
1151856982,12,71864,1848
1146582400,13,574796,27960
1147999584,19,615228,34395
1152033923,12,20740,85
1149490354,13,1589636,38942
1153753857,12,597340,46132
1147673826,13,598868,46352
1152026207,12,74620,397
1147401462,13,583964,18599
1153726358,12,85132,241
1148080823,13,583996,20153
1145875467,8,571348,29262
1147297536,13,572216,27337
1146182124,13,72596,3683
1146419819,19,588108,1737
1152527443,12,121724,2467
1152145445,12,100248,2750
1145928103,13,25668,62
1148848240,19,598240,6116
1150447344,13,598236,50066
1145644858,13,585252,24404
1147298559,13,570304,22220
1150974538,8,582344,54245
1147956860,13,0,2
1151652012,9,20276,57
