SubmitTime,Used Memory,OrigSiteID_1,OrigSiteID_2,OrigSiteID_3,RunTime
1152669728,1632956,0.0,1.0,0.0,23896
1151736803,66408,0.0,1.0,0.0,64
1151736014,25664,0.0,1.0,0.0,61
1148953372,598880,0.0,1.0,0.0,6106
1149608042,1591108,0.0,1.0,0.0,36650
1154030943,594912,0.0,1.0,0.0,37411
1152172616,160364,0.0,1.0,0.0,423
1150970738,581384,1.0,0.0,0.0,51596
1136286796,59892,1.0,0.0,0.0,1850
1151163600,1554264,0.0,1.0,0.0,34820
1150116514,597424,0.0,1.0,0.0,42299
1151428905,600200,0.0,1.0,0.0,34845
1136289309,57140,1.0,0.0,0.0,1849
1149938658,591532,1.0,0.0,0.0,59718
1151657629,20268,0.0,0.0,0.0,56
1139400622,559196,1.0,0.0,0.0,2106
1153228734,599768,0.0,1.0,0.0,43918
1145531563,594380,1.0,0.0,0.0,73148
1151723236,596908,0.0,1.0,0.0,36274
1150084752,72212,0.0,1.0,0.0,168
1150795290,53544,0.0,1.0,0.0,3606
1153735360,62908,1.0,0.0,0.0,257
1153747009,74820,0.0,1.0,0.0,244
1154356659,594960,0.0,1.0,0.0,33979
1140647474,567972,1.0,0.0,0.0,40506
1150042677,595916,0.0,1.0,0.0,45805
1145180510,574512,1.0,0.0,0.0,29969
1140800736,0,1.0,0.0,0.0,1
1137051545,630956,0.0,0.0,0.0,1744
1147524011,589228,1.0,0.0,0.0,49102
1148835954,598844,0.0,1.0,0.0,5770
1151602497,582648,1.0,0.0,0.0,52136
1151611104,20756,0.0,1.0,0.0,80
1148075344,649596,0.0,1.0,0.0,38097
1151013960,597648,1.0,0.0,0.0,41679
1148118334,617112,0.0,1.0,0.0,34543
1150795297,53612,0.0,1.0,0.0,3606
1149888658,614272,0.0,1.0,0.0,48809
1151791881,74416,0.0,1.0,0.0,90
1145656372,571244,0.0,0.0,0.0,25663
1152733622,600788,0.0,1.0,0.0,44177
1137048156,630740,0.0,0.0,0.0,1710
1151743509,25660,0.0,1.0,0.0,61
1151722150,79212,0.0,1.0,0.0,62
1147954131,77768,0.0,1.0,0.0,2586
1153733632,607132,0.0,1.0,0.0,174824
1139471132,551504,1.0,0.0,0.0,6956
1151216414,1564080,0.0,1.0,0.0,36274
1146207150,598220,0.0,1.0,0.0,29808
1149503105,599644,0.0,1.0,0.0,46654
1151435128,25680,0.0,1.0,0.0,53
1152182285,604056,0.0,1.0,0.0,32945
1151815428,76736,0.0,1.0,0.0,959
1153737923,25644,0.0,1.0,0.0,63
1145417442,581192,0.0,1.0,0.0,23562
1153175777,75560,0.0,1.0,0.0,1850
1140676659,600632,1.0,0.0,0.0,36176
1153724065,62944,0.0,0.0,0.0,243
1145991546,591160,0.0,1.0,0.0,26965
1145949739,25656,0.0,1.0,0.0,64
1145591534,599836,0.0,1.0,0.0,55002
1152174990,25664,0.0,1.0,0.0,57
1139933250,570572,1.0,0.0,0.0,29497
1146449392,588092,0.0,1.0,0.0,1577
1151304975,584544,1.0,0.0,0.0,43011
1151915599,62896,0.0,0.0,0.0,1854
1152300053,1593288,0.0,1.0,0.0,30854
1151668633,76556,0.0,1.0,0.0,76
1149509217,587168,1.0,0.0,0.0,37813
1147298562,577348,0.0,0.0,0.0,24903
1153067320,597660,0.0,1.0,0.0,41666
1148112914,589864,0.0,1.0,0.0,21397
1151710650,25672,0.0,1.0,0.0,61
1147457377,63068,0.0,0.0,0.0,64
1145723299,571296,1.0,0.0,0.0,28905
1151723582,71904,0.0,1.0,0.0,963
1148198217,615012,0.0,1.0,0.0,34631
1151438463,68904,0.0,1.0,0.0,53
1151709127,75360,0.0,1.0,0.0,62
1145178541,567956,1.0,0.0,0.0,27380
1151613714,25688,0.0,1.0,0.0,68
1152445017,0,0.0,1.0,0.0,1
1151656127,64780,0.0,0.0,0.0,954
1153731379,62664,1.0,0.0,0.0,249
1146013793,583096,0.0,0.0,0.0,28089
1146447579,588104,0.0,1.0,0.0,1634
1154419604,68304,0.0,1.0,0.0,82
1150863864,1604360,0.0,1.0,0.0,37694
1149508599,580944,0.0,0.0,0.0,37742
1153007221,632628,0.0,1.0,0.0,41443
1153750819,85176,0.0,1.0,0.0,237
1149569921,602836,0.0,1.0,0.0,34152
1153741360,67312,1.0,0.0,0.0,246
1140791618,0,1.0,0.0,0.0,1
1147429570,55208,0.0,0.0,0.0,67
1149851347,0,0.0,1.0,0.0,2
1145477778,594496,0.0,1.0,0.0,22531
1146731859,68604,0.0,0.0,0.0,3811
1153726358,85132,0.0,1.0,0.0,241
1146283376,619384,0.0,1.0,0.0,30311
1148653510,598880,0.0,1.0,0.0,5698
1151457872,580984,1.0,0.0,0.0,36637
1153732431,67220,1.0,0.0,0.0,252
1149493390,621144,0.0,1.0,0.0,26979
1147674723,598400,0.0,1.0,0.0,40347
1145905683,581732,0.0,1.0,0.0,24666
1151720886,73464,0.0,1.0,0.0,60
1149392313,617388,0.0,1.0,0.0,22985
1140867631,567948,1.0,0.0,0.0,29764
1146444152,588132,0.0,1.0,0.0,1483
1146413112,588084,0.0,1.0,0.0,1400
1150797389,53584,0.0,1.0,0.0,3606
1148026353,669468,0.0,1.0,0.0,33764
1149659924,86596,0.0,1.0,0.0,3452
1151652358,1217380,0.0,1.0,0.0,31116
1152573397,0,0.0,1.0,0.0,2
1151702967,25632,0.0,1.0,0.0,59
1145511996,588376,0.0,0.0,0.0,63376
1151652374,20284,0.0,0.0,0.0,54
1150798195,53600,0.0,1.0,0.0,3606
1151743453,69604,0.0,1.0,0.0,75
1136977802,646668,0.0,0.0,0.0,47128
1149493385,614184,0.0,1.0,0.0,24850
1153002687,609948,0.0,1.0,0.0,36330
1151645767,25652,0.0,1.0,0.0,57
1141535835,11596,1.0,0.0,0.0,86
1151303869,580384,0.0,0.0,0.0,49552
1149448095,610988,0.0,1.0,0.0,19330
1146415757,588344,0.0,1.0,0.0,2193
1151652011,20308,0.0,0.0,0.0,56
1150128219,615488,0.0,1.0,0.0,43932
1148641184,598816,0.0,1.0,0.0,6300
1145904493,76864,0.0,1.0,0.0,960
1145489695,1396196,0.0,1.0,0.0,30430
1148457878,81716,0.0,1.0,0.0,5605
1151628613,25716,0.0,1.0,0.0,77
1147762079,0,1.0,0.0,0.0,2
1151718880,25668,0.0,1.0,0.0,73
1147409505,76040,0.0,1.0,0.0,952
1145104612,581476,0.0,1.0,0.0,22057
1150449047,72732,0.0,1.0,0.0,1849
1149915854,598120,0.0,1.0,0.0,49321
1149653425,97448,0.0,1.0,0.0,391
1147473756,595872,1.0,0.0,0.0,48373
1137500463,2098296,1.0,0.0,0.0,3130
1149662820,63864,0.0,1.0,0.0,190
1154527280,145724,0.0,1.0,0.0,2148
1147470646,581268,0.0,0.0,0.0,46745
1149355809,931700,0.0,1.0,0.0,18932
1150441271,598588,0.0,0.0,0.0,29827
1149457224,110772,0.0,1.0,0.0,173
1151792490,74332,0.0,1.0,0.0,96
1151652834,67396,0.0,1.0,0.0,51
1148318632,1183064,0.0,1.0,0.0,31286
1149656783,63808,0.0,1.0,0.0,192
1146456099,588008,0.0,1.0,0.0,1481
1140270472,278320,0.0,0.0,0.0,853
1153109425,596428,0.0,1.0,0.0,36375
1151916498,76624,0.0,1.0,0.0,959
1151740493,71180,0.0,1.0,0.0,74
1145178352,570164,0.0,0.0,0.0,30120
1151644204,68880,0.0,1.0,0.0,59
1146447189,588288,0.0,1.0,0.0,1503
1152339971,96448,0.0,1.0,0.0,6303
1145904586,87052,0.0,1.0,0.0,956
1145298429,600980,0.0,1.0,0.0,55084
1149706537,592264,0.0,1.0,0.0,33158
1153737321,69908,0.0,1.0,0.0,274
1147340574,598476,0.0,1.0,0.0,20826
1150126000,1613528,0.0,1.0,0.0,44792
1152033923,20740,0.0,1.0,0.0,85
1151303908,72688,0.0,1.0,0.0,1850
1136286318,59860,1.0,0.0,0.0,1852
1150795476,53584,0.0,1.0,0.0,3606
1147673593,609928,1.0,0.0,0.0,52210
1153228326,598792,0.0,1.0,0.0,45840
1150440016,648904,0.0,1.0,0.0,23249
1146415274,588312,0.0,1.0,0.0,1903
1150440010,597460,1.0,0.0,0.0,28283
1140928494,569584,1.0,0.0,0.0,27576
1150502444,613976,0.0,1.0,0.0,24569
1145564116,591372,0.0,0.0,0.0,62793
1151427194,602572,0.0,1.0,0.0,33152
1145559977,587120,1.0,0.0,0.0,59617
1152342227,592680,0.0,1.0,0.0,30659
1145253852,599676,0.0,1.0,0.0,53514
1147269005,580340,1.0,0.0,0.0,29648
1149522796,594816,0.0,1.0,0.0,33999
1146045655,582456,0.0,1.0,0.0,27172
1151701666,79284,0.0,1.0,0.0,54
1144505466,568720,0.0,0.0,0.0,28399
1151814648,63892,0.0,0.0,0.0,1854
1153750820,80224,0.0,1.0,0.0,243
1145105028,572116,1.0,0.0,0.0,24851
1147300902,582828,0.0,1.0,0.0,21931
1151617413,20752,0.0,1.0,0.0,87
1151727155,25660,0.0,1.0,0.0,66
1161852961,290176,0.0,1.0,0.0,20732
1145905680,581808,0.0,1.0,0.0,25686
1146449872,588304,0.0,1.0,0.0,1611
1153739120,72452,0.0,1.0,0.0,69
1136977626,0,0.0,0.0,0.0,1
1147897878,77776,0.0,1.0,0.0,2526
1150100038,98904,0.0,1.0,0.0,43694
1149600270,581980,1.0,0.0,0.0,38938
1139422201,57744,1.0,0.0,0.0,1341
1149320958,81720,0.0,1.0,0.0,3332
1146446240,588132,0.0,1.0,0.0,1501
1145872263,583160,0.0,1.0,0.0,23961
1149699663,594644,0.0,1.0,0.0,33146
1153037235,25680,0.0,1.0,0.0,71
1152042277,600280,0.0,1.0,0.0,43338
1151909746,64868,1.0,0.0,0.0,1857
1151920198,25656,0.0,1.0,0.0,55
1151624148,20740,0.0,1.0,0.0,79
1145723291,596452,0.0,1.0,0.0,23051
1147679377,60332,0.0,0.0,0.0,169
1151711726,79200,0.0,1.0,0.0,80
1152143952,89684,0.0,1.0,0.0,190
1139401732,551520,1.0,0.0,0.0,2155
1153722373,20320,0.0,0.0,0.0,52
1151656477,64808,1.0,0.0,0.0,1854
1147449350,572632,1.0,0.0,0.0,23140
1145591537,606108,0.0,1.0,0.0,45923
1144598374,569820,0.0,0.0,0.0,30949
1153224566,599072,0.0,1.0,0.0,46600
1144598788,61976,0.0,0.0,0.0,1850
1148074964,1185784,0.0,1.0,0.0,32894
1145887800,576960,0.0,0.0,0.0,31453
1154944709,290780,0.0,1.0,0.0,20445
1153925426,596732,0.0,1.0,0.0,43813
1151655723,25672,0.0,1.0,0.0,52
1153813249,593312,0.0,1.0,0.0,41917
1146723801,575148,0.0,0.0,0.0,27966
1151617779,85148,0.0,1.0,0.0,91
1149588515,629804,0.0,1.0,0.0,17096
1149863485,0,0.0,1.0,0.0,1
1147950149,1226528,0.0,1.0,0.0,34273
1148940711,598272,0.0,1.0,0.0,5945
1147953121,579984,0.0,1.0,0.0,17175
1145634833,577676,0.0,0.0,0.0,26303
1144418783,573628,1.0,0.0,0.0,29941
1153060063,612784,0.0,1.0,0.0,40071
1152547205,0,0.0,1.0,0.0,2
1151619783,25688,0.0,1.0,0.0,71
1149425605,110884,0.0,1.0,0.0,169
1145532740,582292,0.0,1.0,0.0,24505
1145298416,583160,0.0,0.0,0.0,64190
1148621401,598828,0.0,1.0,0.0,5607
1147967716,578868,0.0,1.0,0.0,14952
1149821964,616408,0.0,1.0,0.0,23218
1136300192,57176,1.0,0.0,0.0,1855
1136285628,59924,1.0,0.0,0.0,1850
1153232614,0,0.0,1.0,0.0,2
1151627181,79304,0.0,1.0,0.0,54
1145374615,601128,1.0,0.0,0.0,64105
1151743462,79248,0.0,1.0,0.0,73
1150869869,0,0.0,1.0,0.0,2
1147984245,0,0.0,1.0,0.0,1
1149121600,598720,0.0,1.0,0.0,6159
1151939199,625156,0.0,1.0,0.0,38465
1151655709,25676,0.0,1.0,0.0,55
1152575725,77572,0.0,1.0,0.0,137
1151724758,68920,0.0,1.0,0.0,81
1146668643,570504,1.0,0.0,0.0,27840
1147498884,583256,1.0,0.0,0.0,51901
1147297574,583120,0.0,1.0,0.0,21059
1147517098,580688,0.0,0.0,0.0,47486
1152793324,598588,0.0,1.0,0.0,40746
1148158601,0,0.0,1.0,0.0,4
1151651231,20300,0.0,0.0,0.0,53
1151313774,601852,0.0,1.0,0.0,34422
1146448658,588272,0.0,1.0,0.0,1928
1147347641,588920,0.0,1.0,0.0,17816
1151711012,68924,0.0,1.0,0.0,58
1151421194,74360,0.0,1.0,0.0,96
1150469693,582220,1.0,0.0,0.0,54815
1150816003,598700,0.0,1.0,0.0,42517
1148100296,81692,0.0,1.0,0.0,5598
1151612815,79280,0.0,1.0,0.0,80
1148882700,598992,0.0,1.0,0.0,6025
1144418525,581364,0.0,1.0,0.0,29454
1146445574,588256,0.0,1.0,0.0,1670
1146191467,599712,0.0,1.0,0.0,27960
1149560934,606484,0.0,1.0,0.0,3771
1151652012,20276,1.0,0.0,0.0,57
1147676039,583260,1.0,0.0,0.0,46359
1151720541,75260,0.0,1.0,0.0,86
1150475732,626564,0.0,1.0,0.0,26666
1150579969,595760,0.0,1.0,0.0,41866
1151701975,25704,0.0,1.0,0.0,59
1146415395,588140,0.0,1.0,0.0,1568
1147950179,1187752,0.0,1.0,0.0,36893
1139547282,0,1.0,0.0,0.0,1
1151657325,582796,0.0,0.0,0.0,45939
1147303146,570224,1.0,0.0,0.0,24094
1151646842,20288,1.0,0.0,0.0,54
1147297118,569444,0.0,0.0,0.0,23273
1149518750,594156,0.0,1.0,0.0,34047
1144418529,572596,0.0,0.0,0.0,30097
1151653202,20300,0.0,0.0,0.0,53
1148245640,97444,0.0,1.0,0.0,1764
1145180334,584596,0.0,1.0,0.0,22716
1149795861,1593436,0.0,1.0,0.0,36956
1153740217,67196,1.0,0.0,0.0,247
1151647710,20288,1.0,0.0,0.0,54
1139400862,551540,1.0,0.0,0.0,2122
1153108882,615216,0.0,1.0,0.0,41413
1153730307,85184,0.0,1.0,0.0,244
1151909748,64692,0.0,0.0,0.0,1854
1151646840,20300,1.0,0.0,0.0,51
1151553957,593788,0.0,1.0,0.0,34748
1145909304,583636,0.0,1.0,0.0,26312
1149662822,63876,0.0,1.0,0.0,193
1151745409,20312,1.0,0.0,0.0,71
1148457870,622220,0.0,1.0,0.0,36602
1152991076,1603172,0.0,1.0,0.0,35707
1151697528,85132,0.0,1.0,0.0,71
1148640706,600192,0.0,1.0,0.0,6189
1151648421,20320,0.0,0.0,0.0,57
1153807010,610048,0.0,1.0,0.0,43439
1153754213,599256,0.0,1.0,0.0,44305
1151303935,581528,0.0,0.0,0.0,49223
1139340322,558840,1.0,0.0,0.0,4430
1149576799,582000,0.0,0.0,0.0,40434
1151309967,600244,0.0,1.0,0.0,41051
1152180286,25656,0.0,1.0,0.0,61
1150478821,602040,1.0,0.0,0.0,28048
1154356663,595088,0.0,1.0,0.0,35213
1151627943,79244,0.0,1.0,0.0,67
1153733017,20284,1.0,0.0,0.0,49
1147594834,592648,0.0,0.0,0.0,52298
1149606962,72720,0.0,1.0,0.0,1852
1139455430,551128,1.0,0.0,0.0,2424
1146276251,599156,0.0,1.0,0.0,27124
1151815730,85632,0.0,1.0,0.0,81
1146050457,590444,0.0,1.0,0.0,26517
1151578193,598076,0.0,1.0,0.0,42164
1148853918,930972,0.0,1.0,0.0,19012
1151648430,64244,0.0,0.0,0.0,51
1150050652,587060,1.0,0.0,0.0,49462
1146419840,588096,0.0,1.0,0.0,1677
1152002111,595804,0.0,1.0,0.0,32382
1151302051,72800,0.0,1.0,0.0,1851
1149121737,582232,0.0,0.0,0.0,6510
1151497401,1120032,0.0,1.0,0.0,36018
1150984163,81660,0.0,1.0,0.0,5309
1149656781,63844,0.0,1.0,0.0,189
1147505781,596656,1.0,0.0,0.0,50088
1148408244,595100,0.0,1.0,0.0,24377
1151107537,82016,0.0,1.0,0.0,1287
1145629393,1411836,0.0,1.0,0.0,30330
1153813848,601956,0.0,1.0,0.0,43894
1147788765,582608,0.0,1.0,0.0,22031
1152848585,1572324,0.0,1.0,0.0,35003
1149661788,1222716,0.0,1.0,0.0,29941
1151664299,85228,0.0,1.0,0.0,96
1153735885,80292,0.0,1.0,0.0,432
1146193741,597632,0.0,1.0,0.0,29699
1151425284,598100,0.0,1.0,0.0,28973
1152834960,598760,0.0,1.0,0.0,44963
1147683663,60344,0.0,0.0,0.0,168
1146027196,580744,0.0,1.0,0.0,23755
1153723403,1581392,0.0,0.0,0.0,64456
1147674723,592004,0.0,1.0,0.0,37829
1139401616,559880,1.0,0.0,0.0,2142
1153111546,592212,0.0,1.0,0.0,40688
1151711700,20308,1.0,0.0,0.0,61
1153984531,111188,0.0,1.0,0.0,2600
1153031295,626860,0.0,1.0,0.0,41553
1150967839,0,0.0,1.0,0.0,2
1151641174,79276,0.0,1.0,0.0,49
1144825733,299956,0.0,1.0,0.0,2957
1151310320,596596,1.0,0.0,0.0,2757
1148228106,81680,0.0,1.0,0.0,5600
1151569558,1556100,0.0,1.0,0.0,35390
1147269002,577588,0.0,0.0,0.0,27269
1145260976,604636,0.0,1.0,0.0,60808
1140074931,570592,1.0,0.0,0.0,27670
1145950109,79220,0.0,1.0,0.0,95
1150797393,53596,0.0,1.0,0.0,3607
1139437511,552196,1.0,0.0,0.0,2204
1145898261,76696,0.0,1.0,0.0,1851
1151642791,25680,0.0,1.0,0.0,60
1152343183,596968,0.0,1.0,0.0,36679
1151612817,629972,0.0,1.0,0.0,39647
1150850266,598328,0.0,1.0,0.0,43572
1149558472,599324,0.0,1.0,0.0,30412
1152183657,628568,0.0,1.0,0.0,34913
1147952855,582884,0.0,1.0,0.0,16367
1148457884,81644,0.0,1.0,0.0,5601
1152754072,1611988,0.0,0.0,0.0,47009
1146447587,588364,0.0,1.0,0.0,1723
1148893431,583604,1.0,0.0,0.0,4340
1148114109,583460,0.0,1.0,0.0,16414
1145178060,576388,1.0,0.0,0.0,25050
1144395889,582420,1.0,0.0,0.0,31671
1147453716,20288,1.0,0.0,0.0,66
1153744038,80244,0.0,1.0,0.0,436
1153724743,25708,0.0,1.0,0.0,51
1151654414,52316,0.0,0.0,0.0,62
1145394400,583216,0.0,1.0,0.0,25142
1148954171,599948,0.0,1.0,0.0,5982
1152002098,595168,0.0,1.0,0.0,33287
1147483627,580916,1.0,0.0,0.0,45427
1139665339,581788,1.0,0.0,0.0,154813
1149574092,647084,0.0,1.0,0.0,31796
1150442661,598996,0.0,1.0,0.0,6239
1146026201,587388,0.0,1.0,0.0,26639
1145105315,582304,0.0,1.0,0.0,25109
1146581498,577852,1.0,0.0,0.0,31019
1150125996,605240,0.0,1.0,0.0,48358
1151734611,74920,0.0,1.0,0.0,59
1145910453,25672,0.0,1.0,0.0,63
1146419543,588080,0.0,1.0,0.0,2214
1150849978,600872,0.0,1.0,0.0,47841
1147409024,72664,0.0,1.0,0.0,950
1151569553,593092,0.0,1.0,0.0,32541
1152018887,115920,0.0,1.0,0.0,5449
1152184390,601816,0.0,1.0,0.0,35805
1151730431,64224,0.0,0.0,0.0,67
1151746314,79256,0.0,1.0,0.0,66
1151708396,25652,0.0,1.0,0.0,62
1145553514,605132,0.0,1.0,0.0,57469
1149484415,615852,0.0,1.0,0.0,22190
1145932816,25664,0.0,1.0,0.0,72
1150121984,614008,0.0,1.0,0.0,25180
1136298638,58688,1.0,0.0,0.0,1850
1153754514,597608,0.0,1.0,0.0,42705
1136324834,966348,1.0,0.0,0.0,507
1151727518,25696,0.0,1.0,0.0,66
1151737267,85160,0.0,1.0,0.0,69
1148048434,610832,0.0,1.0,0.0,41103
1152170614,80252,0.0,1.0,0.0,131
1150116523,598992,0.0,1.0,0.0,48883
1149275737,61804,0.0,0.0,0.0,1854
1144418475,575600,1.0,0.0,0.0,28604
1145591953,601188,0.0,1.0,0.0,54525
1151656126,71708,0.0,1.0,0.0,953
1149577456,581620,0.0,0.0,0.0,39035
1146412344,10648,0.0,1.0,0.0,8
1146276298,1257172,0.0,1.0,0.0,26510
1139415127,559844,1.0,0.0,0.0,2215
1145882114,571548,0.0,0.0,0.0,33759
1137631502,0,1.0,0.0,0.0,0
1149939357,584836,1.0,0.0,0.0,59085
1146444673,588096,0.0,1.0,0.0,1616
1147681443,592536,0.0,1.0,0.0,39123
1151742513,74640,0.0,1.0,0.0,61
1151302043,615524,1.0,0.0,0.0,48000
1151422065,599900,0.0,1.0,0.0,33700
1151722456,79344,0.0,1.0,0.0,65
1149650731,63888,0.0,1.0,0.0,188
1147899896,20728,0.0,1.0,0.0,46
1154126576,1576876,0.0,1.0,0.0,30267
1150967268,0,0.0,1.0,0.0,1
1147945335,14632,0.0,1.0,0.0,1
1152299092,1584392,0.0,1.0,0.0,30262
1150818248,600820,0.0,0.0,0.0,54708
1149125502,121268,0.0,1.0,0.0,556
1149959206,593816,0.0,1.0,0.0,46211
1153741362,62912,1.0,0.0,0.0,250
1150803177,53532,0.0,1.0,0.0,3606
1151692804,109460,0.0,1.0,0.0,582
1154328606,589296,0.0,1.0,0.0,173416
1151457864,582544,0.0,0.0,0.0,40301
1151746732,79260,0.0,1.0,0.0,65
1145513158,0,0.0,1.0,0.0,7
1144505469,577032,0.0,0.0,0.0,32986
1153721768,60348,0.0,0.0,0.0,240
1151652372,64148,1.0,0.0,0.0,62
1150794460,43880,1.0,0.0,0.0,3606
1147441691,71704,0.0,0.0,0.0,63
1149697298,614444,0.0,1.0,0.0,21900
1150919813,0,0.0,1.0,0.0,1
1153061083,620628,0.0,1.0,0.0,40529
1147471013,581932,0.0,0.0,0.0,49587
1146412394,588080,0.0,1.0,0.0,1570
1151733828,79240,0.0,1.0,0.0,70
1150098533,90328,1.0,0.0,0.0,35288
1153727380,80244,0.0,1.0,0.0,432
1148037618,579596,0.0,1.0,0.0,17645
1149959263,597764,0.0,1.0,0.0,46052
1151754979,79216,0.0,1.0,0.0,63
1149744733,932348,0.0,1.0,0.0,18281
1145567180,603544,0.0,1.0,0.0,50060
1148024913,616160,0.0,1.0,0.0,36520
1142981663,600236,1.0,0.0,0.0,34536
1152036476,79292,0.0,1.0,0.0,80
1146425736,588084,0.0,1.0,0.0,1389
1149366564,616300,0.0,1.0,0.0,20969
1147674725,1124440,0.0,1.0,0.0,45650
1148554904,0,0.0,1.0,0.0,65
1151708400,79276,0.0,1.0,0.0,66
1151645348,74792,0.0,1.0,0.0,53
1147788888,584464,0.0,0.0,0.0,48986
1144598382,583268,0.0,0.0,0.0,35671
1139964272,568816,1.0,0.0,0.0,24781
1150494648,599840,1.0,0.0,0.0,16119
1152445000,0,0.0,1.0,0.0,2
1150932083,0,0.0,1.0,0.0,2
1153225943,0,0.0,1.0,0.0,2
1152345615,81492,0.0,1.0,0.0,2699
1148683244,599820,0.0,1.0,0.0,5948
1153059522,82928,0.0,1.0,0.0,197
1146264176,60976,1.0,0.0,0.0,1853
1150584434,581756,0.0,0.0,0.0,49145
1150448129,614608,0.0,1.0,0.0,22513
1154122947,628760,0.0,1.0,0.0,42433
1145337504,585428,0.0,0.0,0.0,60760
1151791888,71132,0.0,0.0,0.0,80
1136287628,57176,1.0,0.0,0.0,1851
1152701256,25668,0.0,1.0,0.0,58
1145104608,613308,0.0,1.0,0.0,22403
1151568949,592708,0.0,1.0,0.0,32436
1151114165,586388,1.0,0.0,0.0,37767
1149094461,581528,0.0,0.0,0.0,6881
1148621845,598900,0.0,1.0,0.0,6371
1151425755,106656,0.0,1.0,0.0,2498
1146191490,601784,0.0,1.0,0.0,23648
1152340334,105064,0.0,1.0,0.0,4033
1147952887,587792,0.0,1.0,0.0,16467
1152339562,81652,0.0,1.0,0.0,2242
1148905167,582356,1.0,0.0,0.0,7162
1149271910,596080,0.0,1.0,0.0,38749
1145178049,606532,0.0,1.0,0.0,24219
1151075133,603848,0.0,1.0,0.0,41244
1147715935,1568408,0.0,1.0,0.0,38671
1149708426,617456,0.0,1.0,0.0,27263
1145393970,577660,1.0,0.0,0.0,27479
1145371770,599112,0.0,0.0,0.0,61580
1148076941,594148,0.0,1.0,0.0,18706
1145371775,584208,0.0,0.0,0.0,54552
1146576429,583744,0.0,0.0,0.0,27426
1153725828,64256,0.0,0.0,0.0,57
1147537156,583036,0.0,0.0,0.0,41691
1145374921,594888,1.0,0.0,0.0,62746
1150936289,0,0.0,1.0,0.0,2
1151726322,82292,0.0,1.0,0.0,956
1151649285,25664,0.0,1.0,0.0,56
1141416453,572668,1.0,0.0,0.0,62554
1148221251,71788,0.0,1.0,0.0,1849
1147399540,595824,0.0,1.0,0.0,18194
1151752359,20692,0.0,1.0,0.0,91
1145105080,594172,1.0,0.0,0.0,27203
1151792489,71272,0.0,0.0,0.0,93
1151413331,64172,0.0,0.0,0.0,62
1151441361,601272,0.0,1.0,0.0,31258
1151265946,63480,0.0,0.0,0.0,1852
1149589298,614216,0.0,1.0,0.0,23196
1150556874,617068,0.0,1.0,0.0,39635
1151620814,79252,0.0,1.0,0.0,180
1151621103,20748,0.0,1.0,0.0,77
1145237629,585460,0.0,0.0,0.0,55073
1152037861,72404,0.0,1.0,0.0,1851
1146178349,62116,1.0,0.0,0.0,3683
1150091440,72260,0.0,1.0,0.0,167
1153813249,593092,0.0,1.0,0.0,42858
1153735368,74820,0.0,1.0,0.0,246
1145105615,573300,0.0,0.0,0.0,28784
1147352580,582104,0.0,1.0,0.0,15294
1148113201,583260,0.0,1.0,0.0,18714
1144418780,576208,1.0,0.0,0.0,35269
1151313224,603176,0.0,1.0,0.0,35747
1152183660,592096,0.0,1.0,0.0,30130
1150931882,0,0.0,1.0,0.0,2
1145875839,595540,0.0,1.0,0.0,26992
1136977623,0,0.0,0.0,0.0,1
1154035294,601828,0.0,1.0,0.0,43885
1147506966,593720,1.0,0.0,0.0,49498
1152991497,1641680,0.0,1.0,0.0,37039
1153737915,20320,1.0,0.0,0.0,72
1145332716,607324,0.0,1.0,0.0,52717
1136291635,59884,1.0,0.0,0.0,1850
1146193837,595400,0.0,1.0,0.0,25854
1150557459,611740,0.0,1.0,0.0,42438
1151615919,74596,0.0,1.0,0.0,88
1145882138,585548,0.0,1.0,0.0,26749
1148025912,630724,0.0,1.0,0.0,36456
1153122256,598740,0.0,1.0,0.0,45114
1153726902,80188,0.0,1.0,0.0,245
1147866461,1561188,0.0,1.0,0.0,36066
1151656902,20276,1.0,0.0,0.0,53
1154447113,1399852,0.0,1.0,0.0,34331
1151726020,25692,0.0,1.0,0.0,61
1152188975,1577456,0.0,1.0,0.0,28695
1151717615,25660,0.0,1.0,0.0,66
1150050654,583928,1.0,0.0,0.0,51043
1151917859,75640,0.0,1.0,0.0,681
1152784803,591680,0.0,1.0,0.0,40954
1145489697,1425484,0.0,1.0,0.0,32157
1150074743,72208,0.0,1.0,0.0,169
1151412559,588520,1.0,0.0,0.0,48111
1147269011,606052,0.0,1.0,0.0,28690
1151716194,79232,0.0,1.0,0.0,59
1147329020,581376,0.0,1.0,0.0,20373
1140851392,0,1.0,0.0,0.0,1
1150486564,602480,0.0,1.0,0.0,42656
1151697528,25712,0.0,1.0,0.0,59
1151630634,25632,0.0,1.0,0.0,64
1151108493,592080,0.0,1.0,0.0,39239
1144418768,580388,0.0,0.0,0.0,29952
1139390483,551952,1.0,0.0,0.0,1086
1150556874,599240,0.0,1.0,0.0,44831
1151266884,1233096,1.0,0.0,0.0,37372
1150439713,597456,0.0,0.0,0.0,26902
1152447755,0,0.0,1.0,0.0,2
1151112823,594960,0.0,1.0,0.0,36271
1148087796,638932,0.0,1.0,0.0,33819
1147673597,578640,1.0,0.0,0.0,40435
1152538523,97372,0.0,1.0,0.0,184
1145656368,574968,0.0,0.0,0.0,28446
1151733825,25692,0.0,1.0,0.0,55
1152302016,1556392,0.0,1.0,0.0,33881
1148060271,81716,0.0,1.0,0.0,5601
1151643092,25660,0.0,1.0,0.0,46
1151439003,25636,0.0,1.0,0.0,57
1146416356,588252,0.0,1.0,0.0,2200
1141716891,572632,1.0,0.0,0.0,44287
1140790956,0,1.0,0.0,0.0,1
1151302758,72720,0.0,1.0,0.0,1848
1139433266,551528,1.0,0.0,0.0,2079
1152298792,1571644,0.0,1.0,0.0,36911
1151694191,20724,0.0,1.0,0.0,78
1141500001,571768,1.0,0.0,0.0,34029
1153750395,80244,0.0,1.0,0.0,438
1149890162,597104,0.0,1.0,0.0,47125
1151815734,20288,1.0,0.0,0.0,60
1155106372,581048,0.0,0.0,0.0,173004
1151265964,62008,1.0,0.0,0.0,1851
1152784800,595160,0.0,1.0,0.0,41834
1145298414,588840,0.0,0.0,0.0,61611
1149659805,63816,0.0,1.0,0.0,188
1147441063,67248,0.0,0.0,0.0,112
1150099121,90368,1.0,0.0,0.0,43567
1151737641,79268,0.0,1.0,0.0,76
1151736792,25684,0.0,1.0,0.0,64
1145981762,577044,1.0,0.0,0.0,27202
1150100042,618160,0.0,1.0,0.0,22964
1151722806,25672,0.0,1.0,0.0,58
1153807764,598572,0.0,1.0,0.0,47349
1152543627,107672,0.0,1.0,0.0,184
1151791162,85516,0.0,1.0,0.0,93
1148084274,581840,0.0,1.0,0.0,20188
1150974544,63332,0.0,0.0,0.0,2421
1151741270,75420,0.0,1.0,0.0,66
1151312740,597448,0.0,1.0,0.0,42484
1145371792,601148,0.0,1.0,0.0,48797
1146445595,588344,0.0,1.0,0.0,1720
1148228104,81720,0.0,1.0,0.0,5601
1152042267,597048,0.0,1.0,0.0,42539
1151726794,71880,0.0,1.0,0.0,960
1148073937,81732,0.0,1.0,0.0,5597
1152542156,97380,0.0,1.0,0.0,192
1145591531,612772,0.0,1.0,0.0,58259
1151723231,76776,0.0,1.0,0.0,1850
1148554553,615492,0.0,1.0,0.0,33150
1148657977,1102900,0.0,1.0,0.0,2227
1149388699,616016,0.0,1.0,0.0,20118
1152665675,1763228,0.0,1.0,0.0,33453
1149512117,581752,0.0,0.0,0.0,43723
1149368281,618364,0.0,1.0,0.0,21979
1150116525,619588,0.0,1.0,0.0,49080
1149772020,596472,0.0,1.0,0.0,40175
1152849362,1600884,0.0,1.0,0.0,30119
1153736842,79284,0.0,1.0,0.0,72
1152636871,1772776,0.0,1.0,0.0,31437
1151618378,74808,0.0,1.0,0.0,77
1151711284,16392,1.0,0.0,0.0,77
1147381371,64636,1.0,0.0,0.0,1851
1152178738,25700,0.0,1.0,0.0,69
1152446811,0,0.0,1.0,0.0,2
1152530202,87472,0.0,1.0,0.0,121
1143842886,559132,1.0,0.0,0.0,14979
1153232608,603112,0.0,1.0,0.0,44795
1151702262,25676,0.0,1.0,0.0,59
1146182126,65656,0.0,0.0,0.0,1894
1153742808,74328,0.0,1.0,0.0,258
1150941236,0,0.0,1.0,0.0,2
1151715541,79264,0.0,1.0,0.0,64
1147900787,315204,0.0,1.0,0.0,2780
1147404325,63948,1.0,0.0,0.0,1855
1149011014,1222732,0.0,1.0,0.0,30536
1153017089,20756,0.0,1.0,0.0,80
1151815736,74324,0.0,1.0,0.0,90
1149339230,83000,0.0,1.0,0.0,530
1145179066,588452,0.0,1.0,0.0,23552
1151720544,68900,0.0,1.0,0.0,84
1142718295,582564,1.0,0.0,0.0,36544
1146326752,1254768,0.0,1.0,0.0,26558
1147298562,570544,0.0,0.0,0.0,21971
1158126160,1745808,0.0,0.0,0.0,55995
1152686673,638552,0.0,1.0,0.0,40232
1147986826,617116,0.0,1.0,0.0,36326
1154511026,591832,0.0,1.0,0.0,173316
1146419838,588100,0.0,1.0,0.0,1715
1149621200,580228,1.0,0.0,0.0,38320
1146006908,581112,0.0,1.0,0.0,29289
1153061560,601800,0.0,1.0,0.0,39352
1151616217,84228,0.0,1.0,0.0,186
1154511626,1758448,0.0,1.0,0.0,34536
1146431742,588112,0.0,1.0,0.0,1429
1140831422,570036,1.0,0.0,0.0,23068
1151266372,83352,0.0,1.0,0.0,963
1151792494,16416,0.0,0.0,0.0,100
1151692405,81992,0.0,1.0,0.0,963
1145875050,587036,0.0,1.0,0.0,23939
1151313768,630896,0.0,1.0,0.0,34582
1145608654,576556,0.0,0.0,0.0,24528
1147768367,60352,0.0,0.0,0.0,170
1152921256,597172,0.0,1.0,0.0,44001
1154036194,601924,0.0,1.0,0.0,42724
1150070021,72204,0.0,1.0,0.0,169
1153229455,0,0.0,1.0,0.0,2
1151696751,79236,0.0,1.0,0.0,66
1153191532,0,0.0,1.0,0.0,2
1147350587,64220,0.0,1.0,0.0,94
1147676038,611300,0.0,1.0,0.0,45148
1152880208,595464,0.0,1.0,0.0,41253
1150818797,72688,0.0,1.0,0.0,1854
1152182289,599200,0.0,1.0,0.0,34455
1151428457,600520,0.0,1.0,0.0,34507
1151643086,74548,0.0,1.0,0.0,58
1153725350,71120,0.0,0.0,0.0,242
1150815644,72800,0.0,1.0,0.0,1851
1153233570,0,0.0,1.0,0.0,2
1147854369,110876,0.0,1.0,0.0,179
1151569247,16420,1.0,0.0,0.0,81
1149385220,620380,0.0,1.0,0.0,17633
1151656132,593752,0.0,1.0,0.0,38416
1145645187,579768,0.0,1.0,0.0,21515
1147347945,25684,0.0,1.0,0.0,63
1151646236,20280,0.0,0.0,0.0,54
1151618766,20732,0.0,1.0,0.0,79
1148353531,82776,0.0,1.0,0.0,406
1153175128,71728,0.0,1.0,0.0,1248
1140068945,570724,1.0,0.0,0.0,24912
1149493431,614556,0.0,1.0,0.0,22548
1147269005,629220,0.0,1.0,0.0,23315
1153745304,85228,0.0,1.0,0.0,246
1153736363,80236,0.0,1.0,0.0,440
1151727518,25676,0.0,1.0,0.0,70
1151506206,641152,0.0,1.0,0.0,31226
1151910529,61288,1.0,0.0,0.0,1854
1152455312,0,0.0,1.0,0.0,2
1152885728,605828,0.0,1.0,0.0,32872
1142756431,573748,1.0,0.0,0.0,33719
1153984945,86436,0.0,1.0,0.0,6265
1145393984,570200,0.0,0.0,0.0,29014
1145547565,600924,0.0,1.0,0.0,47446
1151049519,585036,1.0,0.0,0.0,43518
1149509072,581040,0.0,0.0,0.0,41877
1148319105,101312,0.0,1.0,0.0,2061
1151616220,79248,0.0,1.0,0.0,81
1145875467,571348,1.0,0.0,0.0,29262
1140103202,2117244,1.0,0.0,0.0,6390
1151614130,595716,0.0,1.0,0.0,31984
1146033269,584000,0.0,1.0,0.0,29313
1147885407,61460,1.0,0.0,0.0,55
1152300064,1523160,0.0,1.0,0.0,29091
1149822321,619464,0.0,1.0,0.0,24953
1151648865,47940,0.0,1.0,0.0,63
1153744704,80264,0.0,1.0,0.0,254
1152947688,595916,0.0,1.0,0.0,39249
1149890099,597600,0.0,1.0,0.0,47129
1149852846,0,0.0,1.0,0.0,1
1147430123,63596,0.0,0.0,0.0,1852
1151713163,75020,0.0,1.0,0.0,58
1146415278,588280,0.0,1.0,0.0,1908
1152765031,598288,0.0,1.0,0.0,43298
1151048752,589832,1.0,0.0,0.0,41449
1146446591,588012,0.0,1.0,0.0,1709
1146667120,76460,0.0,0.0,0.0,6205
1151707907,25668,0.0,1.0,0.0,66
1137049563,630712,0.0,0.0,0.0,1773
1151648386,25688,0.0,1.0,0.0,56
1151056455,596968,0.0,1.0,0.0,41046
1151303384,61848,0.0,0.0,0.0,1852
1151105912,593888,0.0,1.0,0.0,33262
1146723564,74988,0.0,0.0,0.0,4858
1156142448,77300,0.0,0.0,0.0,1879
1153721779,79220,0.0,1.0,0.0,52
1150983421,81656,0.0,1.0,0.0,2769
1151053833,662352,0.0,1.0,0.0,41753
1145178352,589076,0.0,1.0,0.0,22849
1152342890,591772,0.0,1.0,0.0,173281
1146178344,582112,1.0,0.0,0.0,31534
1152788073,595596,0.0,1.0,0.0,40161
1145890374,601332,0.0,1.0,0.0,28608
1153126544,68916,0.0,1.0,0.0,93
1145178347,580248,0.0,1.0,0.0,21475
1152029987,75452,0.0,1.0,0.0,225
1136285627,59836,1.0,0.0,0.0,1850
1145656378,571368,0.0,0.0,0.0,31344
1145336915,602380,0.0,1.0,0.0,51723
1147673594,596912,0.0,1.0,0.0,40843
1149426081,598676,0.0,1.0,0.0,43918
1147400299,570136,0.0,0.0,0.0,16359
1153223733,599660,0.0,1.0,0.0,41579
1149447721,72812,0.0,1.0,0.0,1855
1149963195,592512,1.0,0.0,0.0,51267
1145394400,580888,0.0,1.0,0.0,20942
1148198818,619288,0.0,1.0,0.0,33638
1146667900,85152,0.0,0.0,0.0,5959
1147673592,591968,0.0,1.0,0.0,37143
1151652354,25656,0.0,1.0,0.0,56
1153731927,80204,0.0,1.0,0.0,431
1151400883,595076,0.0,0.0,0.0,50337
1151652009,20288,1.0,0.0,0.0,60
1149425603,117776,0.0,1.0,0.0,175
1140554561,578560,1.0,0.0,0.0,42028
1151652827,25656,0.0,1.0,0.0,50
1147297116,574528,0.0,0.0,0.0,25815
1151648074,64168,0.0,0.0,0.0,53
1149321803,1185548,0.0,1.0,0.0,33812
1150968279,0,0.0,0.0,0.0,2
1152090599,598204,0.0,1.0,0.0,32477
1148457582,615012,0.0,1.0,0.0,37197
1149584234,579916,0.0,0.0,0.0,35870
1147621700,60364,1.0,0.0,0.0,173
1151648904,20280,0.0,0.0,0.0,52
1145722695,595772,0.0,1.0,0.0,27746
1153745887,20300,1.0,0.0,0.0,63
1149170310,82792,0.0,1.0,0.0,144
1151312751,602716,0.0,1.0,0.0,44378
1154328608,569448,0.0,0.0,0.0,173127
1141068905,569804,1.0,0.0,0.0,27560
1148858966,598824,0.0,1.0,0.0,6154
1147300453,584000,0.0,1.0,0.0,26019
1145721785,579076,1.0,0.0,0.0,28438
1151652793,58740,0.0,0.0,0.0,53
1152018882,1559368,0.0,1.0,0.0,34491
1147676061,60328,0.0,0.0,0.0,168
1151751218,67612,0.0,1.0,0.0,59
1149450807,607640,0.0,1.0,0.0,40814
1151701969,25668,0.0,1.0,0.0,56
1151605474,62920,1.0,0.0,0.0,965
1151715118,79296,0.0,1.0,0.0,59
1151701674,85564,0.0,1.0,0.0,53
1150479843,598336,1.0,0.0,0.0,28495
1147967719,608008,0.0,1.0,0.0,46320
1153984528,76584,0.0,1.0,0.0,3359
1150934872,0,0.0,1.0,0.0,2
1149657916,63848,0.0,1.0,0.0,191
1152378345,593716,0.0,1.0,0.0,32792
1146450231,588276,0.0,1.0,0.0,1454
1152143941,95160,0.0,1.0,0.0,189
1147946421,315236,0.0,1.0,0.0,2833
1144650245,568696,1.0,0.0,0.0,28568
1147329020,581320,0.0,1.0,0.0,15192
1149993429,600016,1.0,0.0,0.0,51719
1150125994,602400,0.0,1.0,0.0,43895
1147726993,585548,0.0,1.0,0.0,21268
1151522150,20320,1.0,0.0,0.0,50
1148893425,598824,0.0,1.0,0.0,6228
1153748991,74880,0.0,1.0,0.0,53
1150797323,53556,0.0,1.0,0.0,3607
1150970060,595152,0.0,1.0,0.0,39311
1153179171,82944,0.0,1.0,0.0,876
1151697192,71560,0.0,0.0,0.0,71
1150517012,595504,0.0,0.0,0.0,11947
1151791585,69956,0.0,1.0,0.0,78
1150456027,601868,0.0,1.0,0.0,50434
1149728102,618340,0.0,1.0,0.0,23682
1147297567,581300,0.0,1.0,0.0,20453
1140836543,590284,1.0,0.0,0.0,26029
1145933989,25652,0.0,1.0,0.0,68
1154551726,92460,0.0,1.0,0.0,6607
1147966273,583864,0.0,1.0,0.0,17902
1144416982,1094572,0.0,1.0,0.0,23263
1147726392,586028,0.0,1.0,0.0,19753
1151436478,25688,0.0,1.0,0.0,50
1148615688,1361660,0.0,1.0,0.0,29012
1147673588,607220,0.0,1.0,0.0,42060
1149324733,596192,0.0,1.0,0.0,41051
1151614549,68880,0.0,1.0,0.0,52
1149650423,63804,0.0,1.0,0.0,189
1145372092,588460,0.0,0.0,0.0,66269
1153734773,80232,0.0,1.0,0.0,252
1150070702,72228,0.0,1.0,0.0,169
1152179506,75300,0.0,1.0,0.0,66
1145180522,571648,1.0,0.0,0.0,26135
1145477778,581208,0.0,1.0,0.0,26592
1147762271,0,1.0,0.0,0.0,1
1152174878,76680,0.0,1.0,0.0,1850
1146416659,588116,0.0,1.0,0.0,1593
1147819605,89308,0.0,0.0,0.0,186
1147451550,575632,0.0,0.0,0.0,21769
1146448969,588112,0.0,1.0,0.0,1700
1140069014,568368,1.0,0.0,0.0,26084
1150937879,0,0.0,1.0,0.0,1
1153080941,599632,0.0,1.0,0.0,42857
1151657323,69044,1.0,0.0,0.0,966
1153737326,74824,0.0,1.0,0.0,263
1151645766,25692,0.0,1.0,0.0,58
1152168760,25668,0.0,1.0,0.0,60
1149938650,585508,1.0,0.0,0.0,55358
1140738011,587524,1.0,0.0,0.0,37291
1151623367,73136,0.0,1.0,0.0,59
1151749028,79276,0.0,1.0,0.0,61
1147725075,582552,0.0,1.0,0.0,18469
1153733019,583632,1.0,0.0,0.0,44422
1149450021,108420,0.0,1.0,0.0,195
1142817652,576404,1.0,0.0,0.0,33797
1154615297,1447956,0.0,1.0,0.0,23328
1145298427,607316,0.0,1.0,0.0,53787
1149403960,624392,0.0,1.0,0.0,17809
1145931615,79284,0.0,1.0,0.0,64
1152736904,608808,0.0,1.0,0.0,44524
1152531276,0,0.0,1.0,0.0,5
1146414619,588300,0.0,1.0,0.0,1488
1152950238,599964,0.0,1.0,0.0,43979
1145489746,1376456,0.0,1.0,0.0,23674
1149566074,599060,0.0,1.0,0.0,41062
1153736351,25660,0.0,1.0,0.0,48
1146180651,61864,1.0,0.0,0.0,3684
1145177261,568680,0.0,0.0,0.0,29335
1147355539,573484,1.0,0.0,0.0,20158
1151048750,584588,1.0,0.0,0.0,38665
1149515242,612108,0.0,1.0,0.0,8393
1153006076,597808,0.0,1.0,0.0,41829
1151621116,85192,0.0,1.0,0.0,77
1147376584,578772,0.0,1.0,0.0,14892
1151920201,25664,0.0,1.0,0.0,51
1136435455,946320,1.0,0.0,0.0,501
1151309936,581724,1.0,0.0,0.0,39038
1151724766,68904,0.0,1.0,0.0,63
1152553699,80404,0.0,1.0,0.0,182
1153808182,592176,0.0,1.0,0.0,40667
1145592693,601164,0.0,1.0,0.0,55808
1154588999,1585668,0.0,1.0,0.0,35392
1152689772,1562224,0.0,1.0,0.0,35297
1147389961,594476,0.0,1.0,0.0,18786
1151622017,25660,0.0,1.0,0.0,72
1149488121,613340,0.0,1.0,0.0,12870
1149977030,600756,0.0,1.0,0.0,48361
1149554864,611380,0.0,1.0,0.0,5587
1136477810,983620,1.0,0.0,0.0,1211
1157544420,25688,0.0,1.0,0.0,55
1145592673,593692,0.0,0.0,0.0,64201
1151402631,586516,0.0,0.0,0.0,50668
1151815067,69148,0.0,0.0,0.0,958
1152179941,84700,0.0,1.0,0.0,174
1151754975,25680,0.0,1.0,0.0,62
1151624570,66184,0.0,1.0,0.0,72
1151651223,20304,0.0,0.0,0.0,58
1145875462,584496,0.0,0.0,0.0,29474
1149571063,618228,0.0,1.0,0.0,22989
1149908748,85912,0.0,1.0,0.0,2855
1150096365,72220,0.0,1.0,0.0,169
1145247380,603264,0.0,1.0,0.0,53067
1149823927,615056,0.0,1.0,0.0,19723
1150479310,55916,1.0,0.0,0.0,772
1149355803,950104,0.0,1.0,0.0,19204
1149580062,579452,0.0,0.0,0.0,38662
1151729530,1575624,0.0,1.0,0.0,28246
1137045874,630764,0.0,0.0,0.0,1756
1145178050,568432,0.0,0.0,0.0,25094
1147725449,581340,0.0,1.0,0.0,20695
1139391864,555036,1.0,0.0,0.0,3201
1149673484,0,0.0,1.0,0.0,1
1150475261,619712,0.0,1.0,0.0,22635
1151267583,1563376,0.0,1.0,0.0,35170
1146666573,574104,0.0,0.0,0.0,27480
1140949770,595388,1.0,0.0,0.0,37152
1145875002,598820,0.0,1.0,0.0,25937
1153748517,80248,0.0,1.0,0.0,445
1147726828,991360,0.0,1.0,0.0,8214
1151560660,582044,1.0,0.0,0.0,42890
1146222921,595136,0.0,1.0,0.0,29883
1145876497,583408,0.0,1.0,0.0,28145
1147517095,583696,0.0,0.0,0.0,46787
1139426609,552140,1.0,0.0,0.0,2530
1140934834,567132,1.0,0.0,0.0,25223
1136480428,948736,1.0,0.0,0.0,536
1153013043,79272,0.0,1.0,0.0,75
1139463097,552208,1.0,0.0,0.0,7887
1151658108,581108,0.0,0.0,0.0,35719
1151724335,85576,0.0,1.0,0.0,64
1147431611,64904,1.0,0.0,0.0,1853
1148114101,584560,0.0,1.0,0.0,16986
1140047661,573788,1.0,0.0,0.0,27772
1146418567,587372,0.0,1.0,0.0,2297
1151114558,1640744,0.0,1.0,0.0,31343
1145953949,25652,0.0,1.0,0.0,53
1148232866,91588,0.0,1.0,0.0,7144
1153059523,590660,0.0,1.0,0.0,38880
1151652056,25656,0.0,1.0,0.0,50
1145179009,573092,0.0,0.0,0.0,25657
1136287153,57164,1.0,0.0,0.0,1851
1151656860,85168,0.0,1.0,0.0,79
1153026179,595740,0.0,1.0,0.0,38796
1153224999,0,0.0,1.0,0.0,2
1146450708,588236,0.0,1.0,0.0,1575
1145105614,572968,1.0,0.0,0.0,30099
1141941391,0,0.0,0.0,1.0,4
1142794858,552416,1.0,0.0,0.0,12418
1146448607,588268,0.0,1.0,0.0,1873
1154590121,579408,0.0,0.0,0.0,173135
1136290913,57284,1.0,0.0,0.0,1851
1146181404,82692,0.0,1.0,0.0,435
1151582515,64372,0.0,1.0,0.0,86
1145876771,570408,0.0,0.0,0.0,28420
1152884589,594892,0.0,1.0,0.0,31100
1149552745,1534456,0.0,1.0,0.0,28043
1145887805,69188,0.0,0.0,0.0,960
1148893416,598780,0.0,1.0,0.0,6032
1152793843,638600,0.0,1.0,0.0,39660
1149171146,930564,0.0,1.0,0.0,18118
1147510133,579652,0.0,0.0,0.0,44542
1151657644,79272,0.0,1.0,0.0,52
1153723404,85188,0.0,1.0,0.0,241
1140008043,573956,1.0,0.0,0.0,91634
1153109411,597612,0.0,1.0,0.0,43211
1151262976,933176,0.0,1.0,0.0,1482
1139391868,559932,1.0,0.0,0.0,1156
1150122327,614316,0.0,1.0,0.0,21989
1149490514,618132,0.0,1.0,0.0,20076
1149495500,612924,0.0,1.0,0.0,45110
1153733033,85172,0.0,1.0,0.0,77
1151651629,25672,0.0,1.0,0.0,53
1150819759,72656,0.0,1.0,0.0,1848
1149706445,619460,0.0,1.0,0.0,26432
1150098522,90388,1.0,0.0,0.0,38469
1146416360,588116,0.0,1.0,0.0,2081
1142813833,573728,1.0,0.0,0.0,31438
1144522894,1267420,0.0,1.0,0.0,35499
1152183193,594068,0.0,1.0,0.0,34588
1153229465,0,0.0,1.0,0.0,2
1150573177,606556,0.0,1.0,0.0,42020
1151652797,20284,1.0,0.0,0.0,52
1151309939,580920,1.0,0.0,0.0,36766
1148338188,1369204,0.0,1.0,0.0,28618
1151742506,68840,0.0,1.0,0.0,67
1151661561,71832,0.0,1.0,0.0,1851
1145916309,79280,0.0,1.0,0.0,63
1149136327,300260,0.0,1.0,0.0,2041
1145253552,606312,0.0,1.0,0.0,48758
1149491956,25228,0.0,1.0,0.0,1
1150117475,81584,0.0,1.0,0.0,1903
1149796729,615988,0.0,1.0,0.0,23508
1152042272,597080,0.0,1.0,0.0,43230
1153721180,80296,0.0,1.0,0.0,431
1139548260,572824,1.0,0.0,0.0,61264
1151658505,16404,0.0,0.0,0.0,82
1151919716,75228,0.0,1.0,0.0,1849
1146182124,63096,0.0,0.0,0.0,3682
1148130280,615148,0.0,1.0,0.0,27855
1149625135,581420,1.0,0.0,0.0,46170
1154024819,598152,0.0,1.0,0.0,41518
1148835961,598852,0.0,1.0,0.0,5845
1154357018,592424,0.0,1.0,0.0,33301
1150932897,0,0.0,1.0,0.0,2
1151695308,20740,0.0,1.0,0.0,75
1149744330,615260,0.0,1.0,0.0,35551
1151130470,1556404,0.0,1.0,0.0,30829
1154333795,589172,1.0,0.0,0.0,39267
1150943684,0,0.0,1.0,0.0,1
1151754682,79284,0.0,1.0,0.0,66
1151614800,25652,0.0,1.0,0.0,67
1151620517,67796,0.0,1.0,0.0,96
1150821656,608568,0.0,1.0,0.0,50037
1147702998,60356,0.0,0.0,0.0,168
1151484751,594924,0.0,1.0,0.0,33080
1151627469,71688,0.0,1.0,0.0,77
1151575220,595200,0.0,1.0,0.0,34718
1153062050,597912,0.0,1.0,0.0,40875
1153060065,604304,0.0,1.0,0.0,40704
1139390385,551488,1.0,0.0,0.0,1193
1151216417,1608960,0.0,1.0,0.0,37295
1139505879,616184,1.0,0.0,0.0,36204
1150969999,600584,0.0,1.0,0.0,39391
1152899831,607176,0.0,1.0,0.0,45046
1151715894,25668,0.0,1.0,0.0,69
1147724602,580240,0.0,1.0,0.0,18356
1149371438,635884,0.0,1.0,0.0,18365
1144825741,287088,0.0,0.0,0.0,3099
1151707676,77564,0.0,1.0,0.0,156
1151435125,25628,0.0,1.0,0.0,51
1145247871,600008,0.0,1.0,0.0,51190
1153233275,0,0.0,1.0,0.0,2
1145559975,1388332,1.0,0.0,0.0,43130
1149422759,620236,0.0,1.0,0.0,20771
1153725344,80264,0.0,1.0,0.0,243
1146193738,596680,0.0,1.0,0.0,20665
1147297089,572512,1.0,0.0,0.0,22682
1147594837,601160,0.0,0.0,0.0,45950
1148319105,94944,0.0,1.0,0.0,2439
1149566714,612980,0.0,1.0,0.0,22737
1152570738,0,0.0,1.0,0.0,2
1152091110,594912,0.0,1.0,0.0,32624
1151661094,88012,0.0,1.0,0.0,3792
1149334771,592068,0.0,1.0,0.0,40294
1149385220,614676,0.0,1.0,0.0,19289
1152147281,79292,0.0,1.0,0.0,62
1146415381,588064,0.0,1.0,0.0,1819
1139425228,551968,1.0,0.0,0.0,2105
1145991546,585236,0.0,1.0,0.0,30345
1152702222,78836,0.0,1.0,0.0,76
1148592939,25680,0.0,1.0,0.0,60
1146222921,599632,0.0,1.0,0.0,24237
1140831126,570180,1.0,0.0,0.0,24185
1137046839,628652,0.0,0.0,0.0,1692
1151267573,1550504,1.0,0.0,0.0,50248
1153731914,85200,0.0,1.0,0.0,247
1150440002,613504,0.0,1.0,0.0,22351
1145661918,1379648,0.0,1.0,0.0,29873
1139933492,566436,1.0,0.0,0.0,22316
1140278929,586904,1.0,0.0,0.0,27852
1151436026,25696,0.0,1.0,0.0,49
1152702220,2400332,0.0,1.0,0.0,5077
1153721768,80248,0.0,1.0,0.0,238
1145394392,583276,0.0,1.0,0.0,22533
1150072363,72176,0.0,1.0,0.0,168
1145592663,589892,0.0,0.0,0.0,63549
1144597942,65836,1.0,0.0,0.0,1852
1150122321,612696,0.0,1.0,0.0,21277
1151741237,64296,1.0,0.0,0.0,78
1149565008,615092,0.0,1.0,0.0,25227
1149624835,584684,1.0,0.0,0.0,52406
1153060603,598564,0.0,1.0,0.0,42215
1150607136,597836,0.0,1.0,0.0,43785
1151814654,60968,1.0,0.0,0.0,976
1152553676,102680,0.0,1.0,0.0,217
1136480842,651736,1.0,0.0,0.0,97048
1152951678,605396,0.0,1.0,0.0,41512
1154027676,597908,0.0,1.0,0.0,47580
1151947977,606412,0.0,1.0,0.0,32670
1148049543,79288,0.0,1.0,0.0,67
1151646843,20280,0.0,0.0,0.0,53
1149517924,600836,0.0,1.0,0.0,31655
1151644620,25668,0.0,1.0,0.0,52
1147465480,587196,0.0,0.0,0.0,48847
1153729161,80228,0.0,1.0,0.0,238
1147676052,583412,1.0,0.0,0.0,50343
1149886886,584620,1.0,0.0,0.0,46090
1140304687,287144,0.0,0.0,0.0,5367
1152340634,86960,0.0,1.0,0.0,934
1145261006,585348,0.0,0.0,0.0,51666
1154328616,591372,0.0,1.0,0.0,173286
1148342412,1047636,0.0,1.0,0.0,6862
1148073929,619636,0.0,1.0,0.0,33986
1151645346,25676,0.0,1.0,0.0,54
1141086008,571500,1.0,0.0,0.0,24575
1149656765,63856,0.0,1.0,0.0,188
1146048203,580848,0.0,1.0,0.0,26551
1150469516,593496,1.0,0.0,0.0,5989
1151742986,1581224,0.0,1.0,0.0,28868
1139762696,572616,1.0,0.0,0.0,26909
1151609018,77412,0.0,1.0,0.0,1853
1147471016,589124,0.0,0.0,0.0,45258
1151723222,71604,0.0,1.0,0.0,1849
1145585350,588932,1.0,0.0,0.0,64116
1149842666,0,0.0,1.0,0.0,1
1151618078,70048,0.0,1.0,0.0,1851
1153232311,1595228,0.0,1.0,0.0,36278
1151719840,74772,0.0,1.0,0.0,92
1152034707,601240,0.0,1.0,0.0,40921
1150607796,603336,0.0,1.0,0.0,42313
1139424143,553016,1.0,0.0,0.0,2223
1152143654,170660,0.0,1.0,0.0,670
1151939197,580788,1.0,0.0,0.0,41517
1144418524,571316,0.0,0.0,0.0,27764
1153900981,85180,0.0,1.0,0.0,258
1148904645,582268,1.0,0.0,0.0,7197
1149838870,88692,0.0,1.0,0.0,3578
1150125994,1658920,0.0,1.0,0.0,38771
1152648515,1760136,0.0,1.0,0.0,38008
1148835692,598872,0.0,1.0,0.0,6232
1136281923,59900,1.0,0.0,0.0,1851
1151452561,1540528,0.0,0.0,0.0,50607
1148081814,228960,0.0,1.0,0.0,772
1149993909,601452,1.0,0.0,0.0,54117
1139955601,571652,1.0,0.0,0.0,27277
1140681121,569744,1.0,0.0,0.0,35845
1149541748,588564,1.0,0.0,0.0,40068
1151658503,16432,0.0,0.0,0.0,99
1151048744,582612,1.0,0.0,0.0,39332
1146581887,572016,1.0,0.0,0.0,30820
1153749950,80276,0.0,1.0,0.0,435
1149796380,620352,0.0,1.0,0.0,22801
1153013040,66328,0.0,1.0,0.0,82
1148065588,86628,0.0,1.0,0.0,7683
1145245156,599988,0.0,1.0,0.0,52700
1154511626,25680,0.0,1.0,0.0,80
1147409024,85124,0.0,1.0,0.0,72
1149271903,602764,0.0,1.0,0.0,43861
1148893413,598340,0.0,1.0,0.0,6413
1152342589,72620,0.0,1.0,0.0,1856
1152897457,593960,0.0,1.0,0.0,33221
1150042663,608856,0.0,1.0,0.0,44866
1151416899,595384,0.0,1.0,0.0,33469
1151750800,69452,0.0,1.0,0.0,65
1161852970,288676,0.0,0.0,0.0,21183
1149850148,0,0.0,1.0,0.0,2
1147594853,619552,1.0,0.0,0.0,49511
1149858449,931316,0.0,1.0,0.0,19626
1154025365,592380,0.0,1.0,0.0,39976
1146449481,587860,0.0,1.0,0.0,1480
1150970005,72744,0.0,1.0,0.0,2423
1149959260,597976,0.0,1.0,0.0,50322
1147984868,0,0.0,1.0,0.0,2
1149124308,100512,0.0,1.0,0.0,169
1152042745,1596984,0.0,1.0,0.0,27948
1150735182,43876,0.0,0.0,0.0,3607
1152636871,1772716,0.0,1.0,0.0,40139
1146415224,588116,0.0,1.0,0.0,2958
1147301489,581348,1.0,0.0,0.0,24413
1152190263,1508004,0.0,1.0,0.0,27059
1152742379,604976,0.0,1.0,0.0,46963
1157119919,587676,0.0,1.0,0.0,173367
1150984826,595776,0.0,1.0,0.0,40599
1153229460,0,0.0,1.0,0.0,2
1145104614,572580,0.0,0.0,0.0,27266
1139406638,555776,1.0,0.0,0.0,1626
1145247887,597108,0.0,1.0,0.0,48542
1139336518,65828,1.0,0.0,0.0,323
1148651233,598208,0.0,1.0,0.0,6363
1139336092,551948,1.0,0.0,0.0,3255
1145247385,597964,0.0,1.0,0.0,56494
1140091024,568508,1.0,0.0,0.0,25587
1144649605,568608,0.0,0.0,0.0,26695
1147954481,582308,0.0,1.0,0.0,19530
1152958880,597144,0.0,1.0,0.0,34151
1152339965,102284,0.0,1.0,0.0,456
1153807759,606036,0.0,1.0,0.0,37813
1148221948,81724,0.0,1.0,0.0,5606
1148338549,82820,0.0,1.0,0.0,352
1149886406,594708,1.0,0.0,0.0,173147
1147788770,571184,0.0,0.0,0.0,23767
1149374294,613036,0.0,1.0,0.0,19331
1151709422,1239424,0.0,1.0,0.0,15583
1153232308,597544,0.0,1.0,0.0,40868
1147788891,595408,0.0,1.0,0.0,41712
1153233573,0,0.0,1.0,0.0,2
1151932367,0,0.0,1.0,0.0,4673
1139418875,559980,1.0,0.0,0.0,2196
1150076318,48200,1.0,0.0,0.0,169
1150817805,596988,0.0,1.0,0.0,43651
1145261298,599736,0.0,1.0,0.0,79998
1151792491,16416,1.0,0.0,0.0,99
1147297118,588352,0.0,0.0,0.0,24757
1151698296,25656,0.0,1.0,0.0,60
1153723401,1559332,0.0,0.0,0.0,56763
1151616218,20748,0.0,1.0,0.0,82
1148640868,598160,0.0,1.0,0.0,5955
1145533976,597636,0.0,1.0,0.0,23676
1152741959,598644,0.0,1.0,0.0,43903
1152105073,85656,0.0,1.0,0.0,81
1147348316,582096,0.0,1.0,0.0,14105
1152041543,598752,0.0,1.0,0.0,46210
1149729831,617012,0.0,1.0,0.0,26200
1140269783,298416,1.0,0.0,0.0,4653
1153060597,596420,0.0,1.0,0.0,42739
1150557763,582404,0.0,0.0,0.0,48566
1146447579,588072,0.0,1.0,0.0,1502
1145372087,591748,0.0,0.0,0.0,64602
1150502444,619004,0.0,1.0,0.0,25915
1146180676,64820,0.0,0.0,0.0,3682
1151107545,1644624,0.0,1.0,0.0,41764
1149501425,597692,0.0,1.0,0.0,44945
1153729164,25688,0.0,1.0,0.0,59
1149454375,602096,0.0,1.0,0.0,39620
1146188051,71728,0.0,1.0,0.0,1855
1148683249,598156,0.0,1.0,0.0,6316
1136977628,0,0.0,0.0,0.0,1
1151575200,592732,0.0,1.0,0.0,32026
1145105080,572104,0.0,0.0,0.0,29173
1151303335,61904,1.0,0.0,0.0,1851
1145564843,585180,1.0,0.0,0.0,64832
1151609010,596916,0.0,1.0,0.0,38753
1150797365,53600,0.0,1.0,0.0,3607
1153983809,1592044,0.0,1.0,0.0,35358
1145178763,596092,0.0,1.0,0.0,22137
1145553514,600056,0.0,1.0,0.0,55363
1153233272,0,0.0,1.0,0.0,2
1152030653,115340,0.0,1.0,0.0,1516
1150820312,605524,0.0,0.0,0.0,56972
1146267087,60964,1.0,0.0,0.0,1853
1139407176,555860,1.0,0.0,0.0,1680
1149515651,604496,0.0,1.0,0.0,43241
1145247881,601188,0.0,1.0,0.0,49215
1136325141,959872,1.0,0.0,0.0,463
1149657916,63880,0.0,1.0,0.0,189
1147362402,62168,0.0,0.0,0.0,1849
1153731388,80224,0.0,1.0,0.0,433
1152734100,594308,0.0,1.0,0.0,41810
1151745912,25696,0.0,1.0,0.0,56
1153185770,596620,0.0,1.0,0.0,41086
1151616209,599452,0.0,1.0,0.0,40156
1153729154,85180,0.0,1.0,0.0,242
1136325554,968292,1.0,0.0,0.0,485
1151646230,50120,0.0,0.0,0.0,56
1149504824,0,0.0,1.0,0.0,1
1150076290,72252,0.0,1.0,0.0,170
1152729440,580676,0.0,0.0,0.0,47006
1140623199,567544,1.0,0.0,0.0,40749
1139472605,555024,1.0,0.0,0.0,7117
1149912792,594656,0.0,1.0,0.0,50063
1152689772,1593008,0.0,1.0,0.0,35533
1142834872,552428,1.0,0.0,0.0,83292
1153813857,597004,0.0,1.0,0.0,43399
1153737328,74792,0.0,1.0,0.0,280
1144505471,568680,0.0,0.0,0.0,29688
1150446584,0,0.0,1.0,0.0,1742
1151815073,71808,0.0,1.0,0.0,955
1148651162,598204,0.0,1.0,0.0,6015
1151054465,597040,0.0,1.0,0.0,40166
1152553705,100188,0.0,1.0,0.0,263
1151304558,77508,0.0,1.0,0.0,1849
1151505841,594744,0.0,1.0,0.0,36512
1153727987,66752,0.0,0.0,0.0,7023
1151736014,25668,0.0,1.0,0.0,63
1157702870,1382268,0.0,1.0,0.0,23831
1145953954,25676,0.0,1.0,0.0,73
1149621193,581008,0.0,0.0,0.0,39848
1146668643,572088,1.0,0.0,0.0,29292
1151013236,593052,1.0,0.0,0.0,37540
1140073193,573640,1.0,0.0,0.0,28789
1146419512,588248,0.0,1.0,0.0,1776
1152103990,1381896,0.0,1.0,0.0,24591
1149701312,620172,0.0,1.0,0.0,26066
1147407801,55984,0.0,0.0,0.0,63
1149553547,613420,0.0,1.0,0.0,23042
1152684208,599176,1.0,0.0,0.0,53496
1151553655,594036,0.0,1.0,0.0,35517
1151784316,1071348,0.0,1.0,0.0,5345
1149574408,580640,1.0,0.0,0.0,38312
1145572639,597284,0.0,1.0,0.0,27151
1151611369,1583480,0.0,1.0,0.0,35220
1151666659,79276,0.0,1.0,0.0,77
1147888885,1227248,0.0,1.0,0.0,34606
1149380150,614288,0.0,1.0,0.0,19588
1146032308,581264,0.0,1.0,0.0,25092
1153729163,80236,0.0,1.0,0.0,433
1149334767,635692,0.0,1.0,0.0,40113
1149426087,1591280,0.0,1.0,0.0,29817
1146580825,577268,1.0,0.0,0.0,27055
1139958990,568220,1.0,0.0,0.0,25690
1151503041,605532,0.0,1.0,0.0,35226
1148060871,599788,0.0,1.0,0.0,41444
1152106247,85252,0.0,1.0,0.0,65
1151743455,68936,0.0,1.0,0.0,78
1151721733,25696,0.0,1.0,0.0,70
1146188057,76968,0.0,1.0,0.0,1853
1151791152,61152,0.0,1.0,0.0,85
1140643124,569016,1.0,0.0,0.0,43768
1151729228,25684,0.0,1.0,0.0,68
1147965785,0,0.0,1.0,0.0,1
1153074161,596888,0.0,1.0,0.0,37128
1139956946,582552,1.0,0.0,0.0,27626
1147726402,579764,0.0,1.0,0.0,17440
1147518627,588856,0.0,0.0,0.0,45862
1149959222,592632,0.0,1.0,0.0,49049
1149507395,599684,0.0,1.0,0.0,47170
1151650832,20276,1.0,0.0,0.0,60
1144416982,586056,0.0,1.0,0.0,26273
1151697832,1601988,0.0,1.0,0.0,33368
1150850266,608544,0.0,1.0,0.0,45197
1142982151,62092,1.0,0.0,0.0,1854
1151736370,25664,0.0,1.0,0.0,71
1150125874,1635608,0.0,1.0,0.0,33054
1151696003,55936,0.0,0.0,0.0,68
1137048905,630924,0.0,0.0,0.0,1694
1136299117,57192,1.0,0.0,0.0,1850
1152515126,0,0.0,1.0,0.0,2
1146413653,588112,0.0,1.0,0.0,1422
1150030230,603892,0.0,1.0,0.0,48246
1148954164,600920,0.0,1.0,0.0,6197
1151575616,592044,0.0,1.0,0.0,30287
1153984950,1597616,0.0,1.0,0.0,32857
1149094196,582252,0.0,0.0,0.0,6971
1145178057,579716,1.0,0.0,0.0,26326
1151304943,72756,0.0,1.0,0.0,1851
1152342579,597152,0.0,1.0,0.0,34470
1150810658,53548,0.0,1.0,0.0,3606
1149848544,1226520,0.0,1.0,0.0,29159
1153233563,0,0.0,1.0,0.0,2
1149268804,25640,0.0,1.0,0.0,63
1145890353,76664,0.0,1.0,0.0,1850
1145332345,653052,0.0,1.0,0.0,51841
1149574115,581720,1.0,0.0,0.0,40103
1151610690,1592088,0.0,1.0,0.0,35282
1147360962,572160,1.0,0.0,0.0,21119
1152571733,102404,0.0,1.0,0.0,1969
1153232316,630572,0.0,1.0,0.0,39214
1147724072,584208,0.0,1.0,0.0,21004
1149913756,605344,0.0,1.0,0.0,56026
1151078970,75360,0.0,1.0,0.0,1849
1151815435,82016,0.0,1.0,0.0,969
1149650740,63904,0.0,1.0,0.0,191
1151696748,75128,0.0,1.0,0.0,151
1145371797,600788,0.0,1.0,0.0,48729
1145566774,614056,0.0,1.0,0.0,50677
1151720183,80428,0.0,1.0,0.0,62
1139347719,555008,1.0,0.0,0.0,3391
1153224571,595608,0.0,1.0,0.0,46639
1140124709,569764,1.0,0.0,0.0,24961
1145892540,575984,0.0,0.0,0.0,30286
1150091442,72204,0.0,1.0,0.0,166
1149847305,618396,0.0,1.0,0.0,22859
1149959263,598988,0.0,1.0,0.0,48067
1150919756,0,0.0,1.0,0.0,2
1147673171,592516,0.0,1.0,0.0,39181
1144416633,572168,0.0,0.0,0.0,35575
1151647254,79272,0.0,1.0,0.0,52
1146276292,601312,0.0,1.0,0.0,27223
1149876350,0,1.0,0.0,0.0,2
1151909756,586620,0.0,1.0,0.0,4694
1145911705,68932,0.0,1.0,0.0,64
1152540743,0,0.0,1.0,0.0,2
1149566716,614336,0.0,1.0,0.0,21840
1147673599,609792,0.0,1.0,0.0,39602
1153738572,74816,0.0,1.0,0.0,272
1144598929,570780,1.0,0.0,0.0,33035
1151920203,68924,0.0,1.0,0.0,56
1150580451,619908,0.0,1.0,0.0,40329
1146415230,588064,0.0,1.0,0.0,3623
1151856502,594948,0.0,1.0,0.0,35874
1149569510,599324,1.0,0.0,0.0,26434
1151733822,79264,0.0,1.0,0.0,64
1151435610,25656,0.0,1.0,0.0,53
1147673832,597512,0.0,1.0,0.0,38838
1147381372,574480,1.0,0.0,0.0,19897
1149865260,98896,0.0,1.0,0.0,27303
1151069901,71576,0.0,1.0,0.0,1853
1149594308,63872,0.0,1.0,0.0,198
1147623976,592816,0.0,0.0,0.0,45178
1151661082,81880,0.0,1.0,0.0,4101
1152181796,71644,0.0,1.0,0.0,1852
1146026240,582060,0.0,1.0,0.0,29479
1151909266,568780,0.0,0.0,0.0,5158
1146201737,605732,0.0,1.0,0.0,30778
1147715997,107224,0.0,1.0,0.0,2356
1142789585,574864,1.0,0.0,0.0,49003
1150030215,599936,0.0,1.0,0.0,46865
1151815075,64640,1.0,0.0,0.0,964
1139830186,573504,1.0,0.0,0.0,27153
1146444654,588036,0.0,1.0,0.0,1631
1152667442,1759844,0.0,1.0,0.0,36925
1152512545,0,0.0,1.0,0.0,2
1136293862,57708,1.0,0.0,0.0,1850
1153736365,65380,0.0,1.0,0.0,67
1151302772,77752,0.0,1.0,0.0,1852
1149277914,598704,0.0,1.0,0.0,45618
1149564671,613320,0.0,1.0,0.0,24796
1153121717,1102460,0.0,1.0,0.0,6074
1136977627,0,0.0,0.0,0.0,2
1151709840,63128,1.0,0.0,0.0,70
1136301424,59836,1.0,0.0,0.0,1852
1152184747,25676,0.0,1.0,0.0,64
1149509159,0,0.0,1.0,0.0,1
1151267262,1532216,0.0,1.0,0.0,32759
1151729531,75252,0.0,1.0,0.0,63
1140940118,568384,1.0,0.0,0.0,26254
1149606942,580936,1.0,0.0,0.0,38213
1154421584,1372416,0.0,1.0,0.0,33075
1149489327,615212,0.0,1.0,0.0,26087
1153189104,0,0.0,1.0,0.0,5
1152833821,592432,0.0,1.0,0.0,41600
1145394871,596324,0.0,1.0,0.0,18990
1143844376,559844,1.0,0.0,0.0,10706
1153723393,71644,0.0,0.0,0.0,4512
1151647715,79236,0.0,1.0,0.0,54
1153725335,67248,1.0,0.0,0.0,242
1151713176,64252,1.0,0.0,0.0,81
1151724342,25692,0.0,1.0,0.0,62
1151727971,25692,0.0,1.0,0.0,57
1151712869,85584,0.0,1.0,0.0,68
1149768372,613296,0.0,1.0,0.0,21912
1151945659,599332,0.0,1.0,0.0,31774
1146030148,581840,0.0,1.0,0.0,26314
1151732553,25664,0.0,1.0,0.0,73
1151730438,75380,0.0,1.0,0.0,60
1145591539,662860,0.0,1.0,0.0,52374
1149121362,598888,0.0,1.0,0.0,5826
1151698296,79300,0.0,1.0,0.0,64
1145931619,85588,0.0,1.0,0.0,71
1149490412,614436,0.0,1.0,0.0,43530
1151313233,594956,0.0,1.0,0.0,30717
1139462733,552200,1.0,0.0,0.0,7694
1140744286,569696,1.0,0.0,0.0,34242
1146580811,577568,0.0,0.0,0.0,31680
1149554412,595532,1.0,0.0,0.0,3227
1140820681,575012,1.0,0.0,0.0,47084
1145599210,586548,0.0,0.0,0.0,60150
1151701663,68876,0.0,1.0,0.0,52
1146327072,1255920,0.0,1.0,0.0,26859
1146412436,587628,0.0,1.0,0.0,1485
1151697830,75260,0.0,1.0,0.0,147
1152983692,652468,0.0,1.0,0.0,43605
1152667382,145840,0.0,1.0,0.0,2126
1147967710,72796,0.0,1.0,0.0,3627
1147675323,597492,0.0,1.0,0.0,44503
1151304498,72692,0.0,1.0,0.0,959
1150030220,598116,0.0,1.0,0.0,42263
1146048202,71836,0.0,1.0,0.0,1852
1154589109,594276,0.0,1.0,0.0,173251
1145876837,584496,0.0,1.0,0.0,23926
1151754682,25676,0.0,1.0,0.0,63
1147401462,583964,0.0,1.0,0.0,18599
1151048768,601212,0.0,1.0,0.0,34216
1149504971,582376,0.0,0.0,0.0,48565
1149121842,582372,0.0,0.0,0.0,7448
1151737216,79228,0.0,1.0,0.0,68
1153032283,20752,0.0,1.0,0.0,83
1151116145,606136,1.0,0.0,0.0,44949
1146456101,588092,0.0,1.0,0.0,1484
1136291633,59868,1.0,0.0,0.0,1851
1147677159,25696,0.0,1.0,0.0,69
1151792496,71268,0.0,0.0,0.0,99
1149137018,598832,0.0,1.0,0.0,6017
1153739693,80260,0.0,1.0,0.0,439
1151492684,1557480,0.0,1.0,0.0,35226
1153007756,20760,0.0,1.0,0.0,82
1147950120,69760,1.0,0.0,0.0,1857
1146580811,575236,0.0,0.0,0.0,27783
1152019307,91872,0.0,1.0,0.0,2000
1145875482,594516,0.0,1.0,0.0,27701
1149011014,1217312,0.0,1.0,0.0,31294
1141125617,30744,1.0,0.0,0.0,1
1150797368,53568,0.0,1.0,0.0,3609
1150969830,72716,0.0,1.0,0.0,2416
1149744391,623356,0.0,1.0,0.0,33594
1147246755,1400968,1.0,0.0,0.0,38283
1151609020,68900,0.0,1.0,0.0,82
1148351190,1342904,0.0,1.0,0.0,29030
1149096951,581596,0.0,0.0,0.0,6607
1147897883,80904,0.0,1.0,0.0,3198
1147726813,1225232,0.0,1.0,0.0,30664
1151696302,71148,0.0,0.0,0.0,103
1140305128,2077348,1.0,0.0,0.0,4326
1151717602,95032,0.0,1.0,0.0,158
1145179014,576592,1.0,0.0,0.0,29615
1151864065,592548,0.0,1.0,0.0,33419
1151746322,85324,0.0,1.0,0.0,66
1149634684,580444,1.0,0.0,0.0,41889
1149703594,598064,0.0,1.0,0.0,35916
1152512541,0,0.0,1.0,0.0,2
1146447533,588080,0.0,1.0,0.0,1587
1149132587,603440,0.0,1.0,0.0,5802
1151693045,1581424,0.0,1.0,0.0,30169
1136325142,958208,1.0,0.0,0.0,502
1148853566,1364392,0.0,1.0,0.0,28842
1147300026,584148,0.0,1.0,0.0,19754
1147955013,81620,0.0,1.0,0.0,2857
1151647719,20268,0.0,0.0,0.0,56
1147441694,20300,0.0,0.0,0.0,60
1151517385,586012,1.0,0.0,0.0,47086
1146581914,576580,0.0,0.0,0.0,27283
1151656142,71736,0.0,1.0,0.0,952
1151719357,25668,0.0,1.0,0.0,74
1147790022,570456,0.0,0.0,0.0,19922
1145540219,1391096,0.0,1.0,0.0,29880
1140306321,2076312,1.0,0.0,0.0,4122
1151732557,25676,0.0,1.0,0.0,74
1147724611,584496,0.0,1.0,0.0,24639
1152346281,86444,0.0,1.0,0.0,2200
1144599826,573516,1.0,0.0,0.0,30909
1153739698,74892,0.0,1.0,0.0,246
1146415236,588040,0.0,1.0,0.0,2176
1139565299,2117252,1.0,0.0,0.0,5695
1148953685,598992,0.0,1.0,0.0,6114
1149519861,602096,0.0,1.0,0.0,31629
1136283519,59872,1.0,0.0,0.0,1851
1148959788,598616,0.0,1.0,0.0,2569
1153727378,71724,0.0,0.0,0.0,13689
1152035360,74784,0.0,1.0,0.0,75
1146193303,1116924,0.0,1.0,0.0,18127
1152514480,0,0.0,1.0,0.0,2
1151692746,85220,0.0,1.0,0.0,78
1139402630,551700,1.0,0.0,0.0,2170
1145871964,594396,0.0,1.0,0.0,28404
1151613803,79248,0.0,1.0,0.0,68
1144599528,572928,1.0,0.0,0.0,33591
1151302034,600944,0.0,0.0,0.0,46232
1150525953,599416,1.0,0.0,0.0,26140
1151648379,79252,0.0,1.0,0.0,59
1150645994,608912,0.0,1.0,0.0,39715
1151086446,598432,1.0,0.0,0.0,47957
1146447787,588116,0.0,1.0,0.0,1458
1144597943,590896,0.0,1.0,0.0,30693
1147391462,582564,0.0,1.0,0.0,14732
1151744503,20280,1.0,0.0,0.0,67
1147947034,0,0.0,1.0,0.0,1
1147405705,20312,1.0,0.0,0.0,69
1151731159,1590848,0.0,1.0,0.0,28820
1151708755,25668,0.0,1.0,0.0,73
1151760678,75304,0.0,1.0,0.0,64
1147769037,67592,1.0,0.0,0.0,2567
1139384127,554992,1.0,0.0,0.0,2813
1146665940,571468,1.0,0.0,0.0,27743
1153748088,69856,0.0,1.0,0.0,240
1153725339,59080,0.0,0.0,0.0,245
1139422861,551872,1.0,0.0,0.0,2688
1150084722,72228,0.0,1.0,0.0,165
1147676053,618792,0.0,1.0,0.0,35938
1145332364,599816,0.0,1.0,0.0,54952
1150439710,606748,0.0,0.0,0.0,32746
1146419834,588252,0.0,1.0,0.0,1651
1152548874,149328,0.0,1.0,0.0,365
1146448263,588072,0.0,1.0,0.0,1604
1150734702,55620,0.0,0.0,0.0,3607
1151741264,75420,0.0,1.0,0.0,67
1152117306,600932,0.0,1.0,0.0,35959
1145232923,585060,0.0,0.0,0.0,65017
1152143296,127992,0.0,1.0,0.0,414
1151732086,79304,0.0,1.0,0.0,58
1150455436,1535772,0.0,1.0,0.0,26180
1150983112,1572824,0.0,1.0,0.0,37598
1153228318,596268,0.0,1.0,0.0,39513
1140731584,577452,1.0,0.0,0.0,31988
1151411183,579928,1.0,0.0,0.0,173323
1145721787,573096,1.0,0.0,0.0,28810
1151114916,597788,0.0,1.0,0.0,40794
1147298088,589852,1.0,0.0,0.0,25015
1148077364,20720,0.0,1.0,0.0,49
1151713175,74836,0.0,1.0,0.0,78
1149508595,580600,0.0,0.0,0.0,36173
1148653510,598904,0.0,1.0,0.0,5766
1149650713,63852,0.0,1.0,0.0,190
1151722797,64468,0.0,1.0,0.0,66
1151697823,80336,0.0,1.0,0.0,180
1151070539,71652,0.0,1.0,0.0,1852
1147933820,1720416,1.0,0.0,0.0,27698
1152529923,55464,0.0,1.0,0.0,6
1151266928,85996,1.0,0.0,0.0,466
1136954506,630644,0.0,0.0,0.0,16499
1152737439,598908,0.0,1.0,0.0,42569
1152794379,595572,0.0,1.0,0.0,45036
1148547285,81636,0.0,1.0,0.0,5600
1140759561,567868,1.0,0.0,0.0,29473
1154120544,604136,0.0,1.0,0.0,39613
1151791881,74812,0.0,1.0,0.0,93
1147953770,591088,0.0,1.0,0.0,14786
1147410077,73836,0.0,1.0,0.0,53
1151721303,67624,0.0,1.0,0.0,63
1151631522,25672,0.0,1.0,0.0,57
1151709118,74840,0.0,1.0,0.0,69
1151749502,25652,0.0,1.0,0.0,69
1148683600,598940,0.0,1.0,0.0,6201
1153233871,0,0.0,1.0,0.0,2
1151314759,600280,0.0,1.0,0.0,33166
1151938766,110464,0.0,1.0,0.0,322
1144505475,581448,0.0,1.0,0.0,27413
1148878169,598856,0.0,1.0,0.0,5986
1151117594,598196,0.0,1.0,0.0,42755
1161323737,290976,1.0,0.0,0.0,20725
1151750369,79236,0.0,1.0,0.0,64
1139336281,57788,1.0,0.0,0.0,1208
1152566935,0,0.0,1.0,0.0,2
1149121734,582240,0.0,0.0,0.0,6916
1149515637,594548,0.0,1.0,0.0,37874
1151697163,25696,0.0,1.0,0.0,56
1152990717,1586136,0.0,1.0,0.0,34973
1145981091,578184,0.0,0.0,0.0,27648
1137055545,2096416,0.0,0.0,0.0,2615
1146412422,0,0.0,1.0,0.0,13
1150208998,0,1.0,0.0,0.0,168752
1153745897,74808,0.0,1.0,0.0,249
1152344265,87640,0.0,1.0,0.0,10169
1149404260,614108,0.0,1.0,0.0,20196
1151741654,53080,1.0,0.0,0.0,71
1152341286,81520,0.0,1.0,0.0,2584
1148043443,126624,0.0,1.0,0.0,2214
1147297536,572396,0.0,0.0,0.0,24693
1144505477,595748,0.0,1.0,0.0,30032
1146446591,588200,0.0,1.0,0.0,1626
1153732424,45792,1.0,0.0,0.0,67
1145987984,581324,0.0,1.0,0.0,27157
1150442589,606756,0.0,0.0,0.0,29947
1148621825,598128,0.0,1.0,0.0,6174
1150557471,592476,0.0,1.0,0.0,41706
1151692406,90148,0.0,1.0,0.0,630
1150969228,596320,0.0,1.0,0.0,46094
1152572086,0,0.0,1.0,0.0,2
1148683627,598964,0.0,1.0,0.0,6112
1152184393,597380,0.0,1.0,0.0,34075
1146207153,600692,0.0,1.0,0.0,27183
1151707947,64220,1.0,0.0,0.0,61
1154547675,137092,0.0,1.0,0.0,2188
1151910173,75548,0.0,1.0,0.0,1848
1141816963,0,1.0,0.0,0.0,1
1144418781,570412,1.0,0.0,0.0,26461
1153984234,71636,0.0,1.0,0.0,1853
1151723222,595792,0.0,1.0,0.0,35127
1151914040,71608,0.0,1.0,0.0,412
1145563178,583752,1.0,0.0,0.0,62829
1152169232,25696,0.0,1.0,0.0,67
1146446257,588304,0.0,1.0,0.0,1668
1146181389,64924,0.0,0.0,0.0,3682
1149519858,598628,0.0,1.0,0.0,38469
1152944183,598284,0.0,1.0,0.0,40821
1136977621,0,0.0,0.0,0.0,3
1147965785,584284,0.0,1.0,0.0,19106
1151655704,20288,1.0,0.0,0.0,57
1151739282,85212,0.0,1.0,0.0,66
1151718509,25684,0.0,1.0,0.0,69
1147946821,0,0.0,1.0,0.0,1
1153230453,582848,0.0,0.0,0.0,43948
1149660702,63820,0.0,1.0,0.0,190
1147355432,572512,1.0,0.0,0.0,19679
1151694902,20712,0.0,1.0,0.0,79
1151400885,600012,0.0,0.0,0.0,47684
1150810898,55452,0.0,1.0,0.0,3607
1145482674,591780,0.0,0.0,0.0,54389
1151626097,25724,0.0,1.0,0.0,58
1150795530,53580,0.0,1.0,0.0,3607
1145180529,579296,1.0,0.0,0.0,29945
1148848798,604116,0.0,1.0,0.0,6132
1149064146,931428,0.0,1.0,0.0,19005
1153109417,594624,0.0,1.0,0.0,37020
1148645751,598188,0.0,1.0,0.0,6487
1153747495,25648,0.0,1.0,0.0,58
1153190937,592464,0.0,1.0,0.0,40142
1151642017,25684,0.0,1.0,0.0,53
1151715894,25656,0.0,1.0,0.0,66
1151714646,74628,0.0,1.0,0.0,82
1151500258,599012,0.0,1.0,0.0,32779
1150734695,53548,0.0,1.0,0.0,3606
1153721173,67248,0.0,0.0,0.0,437
1147724608,582148,0.0,1.0,0.0,17819
1151731603,25660,0.0,1.0,0.0,63
1147715987,59440,1.0,0.0,0.0,1855
1148858364,1051176,0.0,1.0,0.0,19059
1153229097,595520,0.0,1.0,0.0,38110
1149847843,614412,0.0,1.0,0.0,23368
1147352573,582452,0.0,1.0,0.0,17544
1151505843,593536,0.0,1.0,0.0,35860
1139414225,559856,1.0,0.0,0.0,2237
1146418566,588032,0.0,1.0,0.0,2210
1141104361,0,1.0,0.0,0.0,2
1151749960,79268,0.0,1.0,0.0,69
1151916535,52968,0.0,0.0,0.0,74
1153722907,80296,0.0,1.0,0.0,242
1147716486,590428,0.0,1.0,0.0,41608
1140701625,568564,1.0,0.0,0.0,29084
1151652375,20300,1.0,0.0,0.0,55
1145470840,584464,1.0,0.0,0.0,67098
1152691894,1778744,0.0,1.0,0.0,41659
1152170918,85028,0.0,1.0,0.0,165
1151053120,601452,0.0,1.0,0.0,36315
1146182124,72596,0.0,1.0,0.0,3683
1148954167,598916,0.0,1.0,0.0,5865
1151310376,593872,0.0,1.0,0.0,87400
1145566769,604960,0.0,1.0,0.0,62993
1141108699,568248,1.0,0.0,0.0,27644
1147376583,584576,0.0,1.0,0.0,18057
1151488979,598088,0.0,1.0,0.0,36235
1146423245,588020,0.0,1.0,0.0,1581
1151694905,79264,0.0,1.0,0.0,75
1149886345,591704,0.0,1.0,0.0,46515
1153721766,20308,1.0,0.0,0.0,55
1150823576,598260,0.0,1.0,0.0,47815
1150557278,594960,0.0,1.0,0.0,37334
1151692407,75412,0.0,1.0,0.0,143
1136276773,57172,1.0,0.0,0.0,1856
1149705155,594708,0.0,1.0,0.0,30574
1149834954,0,0.0,1.0,0.0,2
1153017089,85832,0.0,1.0,0.0,74
1136297076,59888,1.0,0.0,0.0,1850
1152926331,595784,0.0,1.0,0.0,36918
1148063668,20724,0.0,1.0,0.0,48
1151731596,57024,0.0,0.0,0.0,66
1147853172,592264,0.0,1.0,0.0,43886
1150966671,0,1.0,0.0,0.0,2
1151649686,20304,0.0,0.0,0.0,56
1146417113,587640,0.0,1.0,0.0,2169
1146423602,588124,0.0,1.0,0.0,1442
1146446886,588240,0.0,1.0,0.0,1455
1151068108,71740,0.0,1.0,0.0,1851
1151615908,20712,0.0,1.0,0.0,87
1151701673,79220,0.0,1.0,0.0,56
1149578619,227616,0.0,1.0,0.0,174
1146731854,75264,0.0,0.0,0.0,3723
1145752892,1391900,0.0,1.0,0.0,29850
1151651293,20284,1.0,0.0,0.0,54
1145332037,585408,0.0,0.0,0.0,62942
1150813254,77560,0.0,1.0,0.0,1851
1148035057,598540,0.0,1.0,0.0,41961
1148621346,598860,0.0,1.0,0.0,6163
1151709862,25672,0.0,1.0,0.0,57
1149791968,625480,0.0,1.0,0.0,26424
1140800677,0,1.0,0.0,0.0,1
1147725922,579740,0.0,1.0,0.0,19848
1149011017,1220740,0.0,1.0,0.0,26759
1151606071,580984,1.0,0.0,0.0,49153
1153007226,598876,0.0,1.0,0.0,44454
1151302045,606068,0.0,1.0,0.0,42091
1149748729,615496,0.0,1.0,0.0,22832
1150794090,53536,0.0,1.0,0.0,3607
1148290740,0,0.0,1.0,0.0,4
1145945243,79312,0.0,1.0,0.0,110
1151715115,67204,0.0,1.0,0.0,62
1148075444,95080,0.0,1.0,0.0,4511
1146180679,61704,0.0,0.0,0.0,3684
1147340574,603308,0.0,1.0,0.0,23438
1148941011,598844,0.0,1.0,0.0,6042
1148408246,582048,0.0,1.0,0.0,22918
1152768662,598840,0.0,1.0,0.0,44897
1148099879,81716,0.0,1.0,0.0,5599
1154584459,1572676,0.0,1.0,0.0,29789
1151497818,633472,0.0,1.0,0.0,33566
1147594837,580196,1.0,0.0,0.0,45846
1150819534,597880,0.0,1.0,0.0,41112
1147442476,20280,0.0,0.0,0.0,64
1150966149,0,0.0,0.0,0.0,1
1151938770,134612,0.0,1.0,0.0,336
1153751173,25660,0.0,1.0,0.0,53
1147300903,580356,0.0,1.0,0.0,20480
1152040771,601448,0.0,1.0,0.0,40549
1151697815,1758848,0.0,1.0,0.0,14821
1148953675,599144,0.0,1.0,0.0,6206
1149513668,623100,0.0,1.0,0.0,34983
1145875474,576820,1.0,0.0,0.0,28355
1151710231,79288,0.0,1.0,0.0,65
1151909270,589548,0.0,1.0,0.0,5165
1151915053,61036,1.0,0.0,0.0,1572
1149760941,597728,0.0,1.0,0.0,42249
1145483030,585988,0.0,0.0,0.0,58440
1148657608,598948,0.0,1.0,0.0,6076
1149392259,613352,0.0,1.0,0.0,19307
1153725823,67232,0.0,0.0,0.0,431
1146753476,1411888,1.0,0.0,0.0,40737
1152172024,596196,0.0,1.0,0.0,36551
1151646853,25660,0.0,1.0,0.0,50
1149399453,614508,0.0,1.0,0.0,19828
1151609661,25660,0.0,1.0,0.0,66
1139336508,551992,1.0,0.0,0.0,2943
1146723557,68684,0.0,0.0,0.0,3803
1146187608,72928,0.0,1.0,0.0,3683
1152691908,1774444,0.0,1.0,0.0,41248
1152168446,129228,0.0,1.0,0.0,251
1147964910,0,0.0,1.0,0.0,2
1145567032,586340,0.0,0.0,0.0,58191
1146666610,570432,1.0,0.0,0.0,30458
1151721723,85248,0.0,1.0,0.0,64
1151916493,43876,1.0,0.0,0.0,3619
1152169656,100524,0.0,1.0,0.0,194
1161261107,76548,0.0,1.0,0.0,321
1151692749,90104,0.0,1.0,0.0,1178
1149886303,617168,0.0,1.0,0.0,42667
1149395092,600628,0.0,1.0,0.0,43273
1146417688,588112,0.0,1.0,0.0,2797
1151707370,1564500,0.0,1.0,0.0,35281
1153727385,80432,0.0,1.0,0.0,10902
1147171781,82696,0.0,1.0,0.0,1095
1139106300,588292,1.0,0.0,0.0,129289
1151730019,79288,0.0,1.0,0.0,84
1151303391,65748,0.0,0.0,0.0,1853
1152344983,82696,0.0,1.0,0.0,3668
1145178541,571696,1.0,0.0,0.0,25521
1151734241,75416,0.0,1.0,0.0,58
1140851390,0,1.0,0.0,0.0,2
1137048343,61060,0.0,0.0,0.0,46
1151086809,583068,1.0,0.0,0.0,49170
1152986844,596864,0.0,1.0,0.0,40645
1149608226,592984,0.0,1.0,0.0,33314
1141580711,580876,1.0,0.0,0.0,33482
1152513857,0,0.0,1.0,0.0,2
1148621825,606412,0.0,1.0,0.0,6058
1146182842,72808,0.0,1.0,0.0,3683
1153721183,71140,0.0,0.0,0.0,245
1152990714,1590584,0.0,1.0,0.0,35225
1148318625,1192556,0.0,1.0,0.0,30691
1153741362,85232,0.0,1.0,0.0,249
1151556815,594724,0.0,1.0,0.0,29925
1145882093,579332,1.0,0.0,0.0,25828
1142819037,588676,1.0,0.0,0.0,36402
1149542736,110816,0.0,1.0,0.0,171
1148835703,601952,0.0,1.0,0.0,5971
1146448277,588008,0.0,1.0,0.0,1646
1146751480,1224616,0.0,0.0,0.0,41172
1146668656,567028,1.0,0.0,0.0,25990
1151732567,25688,0.0,1.0,0.0,66
1151727521,79200,0.0,1.0,0.0,67
1147952891,582224,0.0,1.0,0.0,18948
1151707945,16448,1.0,0.0,0.0,79
1150810616,55472,0.0,1.0,0.0,3607
1139457920,558796,1.0,0.0,0.0,7208
1150500358,71632,0.0,1.0,0.0,959
1153107857,601880,0.0,1.0,0.0,38530
1139504921,571664,1.0,0.0,0.0,34775
1145592683,604128,0.0,1.0,0.0,53385
1145877472,624724,0.0,1.0,0.0,57611
1149388691,613112,0.0,1.0,0.0,21131
1147677157,580832,0.0,1.0,0.0,15956
1145925264,67436,0.0,1.0,0.0,77
1148859027,602192,0.0,1.0,0.0,5999
1136289584,57180,1.0,0.0,0.0,1851
1150538082,617256,0.0,1.0,0.0,25354
1149490508,611136,0.0,1.0,0.0,10485
1153109426,596852,0.0,1.0,0.0,44127
1152189370,596008,0.0,1.0,0.0,42600
1151619372,20720,0.0,1.0,0.0,83
1139412074,551452,1.0,0.0,0.0,2050
1136294162,57200,1.0,0.0,0.0,1850
1151791886,79240,0.0,1.0,0.0,91
1145876955,76752,0.0,1.0,0.0,1851
1146418229,588148,0.0,1.0,0.0,2207
1148621829,598912,0.0,1.0,0.0,6140
1146448981,588220,0.0,1.0,0.0,1661
1153012563,77588,0.0,1.0,0.0,75
1145908767,63372,0.0,0.0,0.0,70
1151647710,20264,0.0,0.0,0.0,53
1140036062,568228,1.0,0.0,0.0,25875
1151648391,1612196,0.0,1.0,0.0,34657
1151656497,81976,0.0,1.0,0.0,959
1153733637,70832,0.0,1.0,0.0,250
1152172026,621268,0.0,1.0,0.0,30484
1152172618,66328,0.0,1.0,0.0,56
1136281692,57164,1.0,0.0,0.0,1850
1148129864,615276,0.0,1.0,0.0,35974
1152703089,596784,0.0,1.0,0.0,41163
1145949742,101096,0.0,1.0,0.0,476
1151791583,25656,0.0,1.0,0.0,69
1147269008,594872,0.0,0.0,0.0,28535
1147389954,47756,0.0,0.0,0.0,109
1151078011,1636072,0.0,1.0,0.0,38474
1151910836,75520,0.0,1.0,0.0,1852
1150607793,599148,0.0,1.0,0.0,42043
1153915790,591364,0.0,1.0,0.0,39886
1153915681,595716,0.0,1.0,0.0,173676
1154421167,1644228,0.0,1.0,0.0,24078
1139455968,551600,1.0,0.0,0.0,2467
1151737939,85616,0.0,1.0,0.0,73
1153727392,1423888,0.0,1.0,0.0,35655
1153011572,597568,0.0,1.0,0.0,40344
1153735877,71112,1.0,0.0,0.0,271
1146423239,587616,0.0,1.0,0.0,1356
1145372102,605312,0.0,1.0,0.0,55925
1149673266,624244,0.0,1.0,0.0,24608
1147462748,582924,0.0,0.0,0.0,51153
1151556535,594776,0.0,1.0,0.0,33970
1147362542,573312,0.0,0.0,0.0,25229
1145883398,72796,0.0,1.0,0.0,1851
1151652821,25680,0.0,1.0,0.0,57
1147178534,64540,0.0,1.0,0.0,465
1145905678,55980,1.0,0.0,0.0,73
1151720559,20728,0.0,1.0,0.0,85
1150568156,688648,0.0,0.0,0.0,55387
1153726369,56508,0.0,0.0,0.0,51
1147297572,571640,1.0,0.0,0.0,28106
1151658113,71204,0.0,0.0,0.0,100
1152181306,25676,0.0,1.0,0.0,58
1151654930,56036,0.0,0.0,0.0,58
1149886886,587100,1.0,0.0,0.0,54431
1151720197,25684,0.0,1.0,0.0,75
1152172620,25704,0.0,1.0,0.0,55
1148005955,0,0.0,1.0,0.0,1
1145719471,602396,0.0,1.0,0.0,70890
1152862810,600752,0.0,1.0,0.0,43621
1149096138,586472,0.0,0.0,0.0,7617
1147986838,625156,0.0,1.0,0.0,37144
1141416460,0,1.0,0.0,0.0,1
1151432208,79312,0.0,1.0,0.0,57
1144417935,569788,1.0,0.0,0.0,30233
1136297739,60500,1.0,0.0,0.0,1853
1147966276,1099476,0.0,1.0,0.0,8270
1146013792,584364,0.0,1.0,0.0,22998
1147965739,600548,0.0,1.0,0.0,18062
1149663206,1188752,0.0,1.0,0.0,36738
1149822322,615200,0.0,1.0,0.0,24856
1148113201,583372,0.0,1.0,0.0,18807
1152555610,25668,0.0,1.0,0.0,74
1145304078,629808,0.0,0.0,0.0,64144
1145910458,579988,0.0,1.0,0.0,30954
1151304956,583640,1.0,0.0,0.0,52075
1150849343,1552696,0.0,1.0,0.0,27181
1147364841,594648,0.0,1.0,0.0,20574
1146425025,588092,0.0,1.0,0.0,1413
1146191480,600684,0.0,1.0,0.0,25395
1145178595,569724,1.0,0.0,0.0,24690
1151725234,25660,0.0,1.0,0.0,54
1147301001,571432,1.0,0.0,0.0,22410
1154420456,1572588,0.0,1.0,0.0,34642
1151302045,580532,0.0,0.0,0.0,46131
1139336097,551836,1.0,0.0,0.0,3242
1148518481,75524,0.0,1.0,0.0,1924
1139548434,0,1.0,0.0,0.0,2
1151791165,85412,0.0,1.0,0.0,103
1149428958,110776,0.0,1.0,0.0,171
1153919900,596480,0.0,1.0,0.0,42885
1154420451,1769012,0.0,1.0,0.0,39266
1152730434,580588,0.0,0.0,0.0,51956
1147947034,0,0.0,1.0,0.0,1
1144825749,287092,0.0,0.0,0.0,1263
1151702970,74856,0.0,1.0,0.0,78
1150974538,582344,1.0,0.0,0.0,54245
1147723109,60336,0.0,0.0,0.0,168
1151658509,55992,0.0,0.0,0.0,88
1150814900,596968,0.0,1.0,0.0,39415
1161252640,289804,0.0,1.0,0.0,21742
1153725829,25688,0.0,1.0,0.0,54
1149513676,650324,0.0,1.0,0.0,33220
1145105315,580872,0.0,1.0,0.0,24727
1149577933,583048,0.0,0.0,0.0,42348
1151619780,99084,0.0,1.0,0.0,394
1144505460,634840,1.0,0.0,0.0,38330
1148053174,599432,0.0,1.0,0.0,44702
1145374608,585060,1.0,0.0,0.0,61483
1139323426,0,0.0,0.0,0.0,4
1151436028,25632,0.0,1.0,0.0,44
1149580632,614332,0.0,1.0,0.0,34801
1154588996,1416800,0.0,1.0,0.0,35370
1139423345,551952,1.0,0.0,0.0,2647
1151659223,71124,0.0,0.0,0.0,84
1153000737,595500,0.0,1.0,0.0,40499
1139335906,552136,1.0,0.0,0.0,3704
1150869879,1565876,0.0,1.0,0.0,43471
1148885018,598836,0.0,1.0,0.0,6098
1150558422,588620,1.0,0.0,0.0,50331
1153175783,81212,0.0,1.0,0.0,979
1153724754,80228,0.0,1.0,0.0,432
1152454768,0,0.0,1.0,0.0,2
1150966673,0,1.0,0.0,0.0,1
1148408239,594800,0.0,1.0,0.0,24989
1148112305,581476,0.0,1.0,0.0,19273
1139386489,554000,1.0,0.0,0.0,1100
1153107311,1363952,0.0,1.0,0.0,19224
1152048509,605872,0.0,1.0,0.0,43221
1150817955,65968,0.0,0.0,0.0,1851
1153750816,25676,0.0,1.0,0.0,45
1150573357,598812,0.0,1.0,0.0,41390
1147501977,580488,1.0,0.0,0.0,44090
1145907058,55992,1.0,0.0,0.0,77
1149534677,598616,0.0,1.0,0.0,44390
1149454677,600580,0.0,1.0,0.0,40400
1151815734,25684,0.0,1.0,0.0,74
1153727986,67276,0.0,0.0,0.0,7597
1148884535,599696,0.0,1.0,0.0,6263
1147894428,110896,0.0,1.0,0.0,192
1150475256,613912,0.0,1.0,0.0,22243
1146448987,588264,0.0,1.0,0.0,1588
1149433164,597588,0.0,1.0,0.0,41884
1151648421,64236,0.0,0.0,0.0,54
1139570617,570888,1.0,0.0,0.0,31265
1147676742,596112,0.0,1.0,0.0,44444
1153222138,0,0.0,1.0,0.0,1
1151714351,68928,0.0,1.0,0.0,64
1151742051,74788,0.0,1.0,0.0,86
1152570744,129280,0.0,1.0,0.0,603
1149064553,930476,0.0,1.0,0.0,18787
1142982570,577260,1.0,0.0,0.0,46097
1151608701,74784,0.0,1.0,0.0,89
1151651636,79256,0.0,1.0,0.0,57
1147417919,16408,0.0,0.0,0.0,117
1141500059,571328,1.0,0.0,0.0,37723
1151649282,79284,0.0,1.0,0.0,59
1146666618,573076,1.0,0.0,0.0,30141
1147297120,570136,0.0,0.0,0.0,19774
1152182277,600988,0.0,1.0,0.0,33740
1136296258,69280,1.0,0.0,0.0,1856
1149320940,588436,0.0,0.0,0.0,49239
1139336090,551960,1.0,0.0,0.0,3519
1140616466,592624,1.0,0.0,0.0,26851
1151609369,615180,0.0,1.0,0.0,39561
1152038638,70024,0.0,1.0,0.0,1852
1151749486,25704,0.0,1.0,0.0,66
1145585656,586492,1.0,0.0,0.0,51901
1149511449,611336,0.0,1.0,0.0,40520
1151583393,25672,0.0,1.0,0.0,78
1151118076,597656,0.0,1.0,0.0,39498
1145991425,566236,1.0,0.0,0.0,25831
1149887547,585484,1.0,0.0,0.0,54563
1150813254,598916,0.0,1.0,0.0,43685
1151726013,25668,0.0,1.0,0.0,57
1145592275,585132,1.0,0.0,0.0,64200
1139392590,559240,1.0,0.0,0.0,2346
1145219176,591796,0.0,0.0,0.0,62048
1139402279,559168,1.0,0.0,0.0,2108
1151910830,64664,1.0,0.0,0.0,892
1145178352,584080,0.0,1.0,0.0,27024
1152575128,0,0.0,1.0,0.0,2
1153190934,0,0.0,1.0,0.0,6
1144597936,65800,1.0,0.0,0.0,1852
1151723597,71724,0.0,1.0,0.0,948
1146444690,588024,0.0,1.0,0.0,1653
1151624914,69176,0.0,1.0,0.0,83
1150448006,72644,0.0,1.0,0.0,1852
1145488150,599748,0.0,0.0,0.0,66826
1151700050,85200,0.0,1.0,0.0,71
1149511444,75036,0.0,1.0,0.0,950
1154783120,287112,0.0,1.0,0.0,20074
1140068944,569444,1.0,0.0,0.0,28855
1150572577,596364,0.0,1.0,0.0,40404
1153224996,0,0.0,1.0,0.0,2
1151755814,25684,0.0,1.0,0.0,67
1151791169,74332,0.0,1.0,0.0,102
1145876431,582904,0.0,1.0,0.0,28773
1151916528,62900,0.0,0.0,0.0,66
1147725924,582448,0.0,1.0,0.0,19040
1151622019,25664,0.0,1.0,0.0,60
1147675023,592340,0.0,1.0,0.0,41326
1147888890,82716,0.0,1.0,0.0,4979
1145903058,75588,0.0,1.0,0.0,964
1142785431,572720,1.0,0.0,0.0,36005
1145598474,1413344,0.0,1.0,0.0,30567
1145105025,572324,1.0,0.0,0.0,28747
1146821352,1194964,1.0,0.0,0.0,39911
1152728481,582752,0.0,0.0,0.0,51761
1152182764,594568,0.0,1.0,0.0,38783
1146667870,71064,1.0,0.0,0.0,3887
1149768372,615492,0.0,1.0,0.0,23340
1151048744,583656,1.0,0.0,0.0,38060
1151697166,20320,1.0,0.0,0.0,62
1151657645,25684,0.0,1.0,0.0,50
1151756413,73296,0.0,1.0,0.0,59
1143847849,0,1.0,0.0,0.0,1
1152729870,594040,0.0,1.0,0.0,38724
1154027671,604880,0.0,1.0,0.0,44109
1149552763,1579912,0.0,1.0,0.0,37633
1144418788,569620,1.0,0.0,0.0,31824
1151619376,68860,0.0,1.0,0.0,78
1147423786,60928,0.0,0.0,0.0,958
1149978588,602772,0.0,1.0,0.0,46468
1151656900,64928,1.0,0.0,0.0,952
1145949736,25660,0.0,1.0,0.0,54
1139336088,551764,1.0,0.0,0.0,3515
1151067167,76592,0.0,1.0,0.0,1851
1151549659,600048,0.0,1.0,0.0,36984
1147964906,582940,0.0,1.0,0.0,15935
1148319110,71584,0.0,1.0,0.0,1850
1140108970,569564,1.0,0.0,0.0,40035
1147301807,581880,0.0,1.0,0.0,20360
1151654047,20276,1.0,0.0,0.0,60
1147302279,580160,0.0,1.0,0.0,19480
1149491959,0,0.0,1.0,0.0,1
1149320953,85120,0.0,1.0,0.0,11594
1147676733,599648,0.0,1.0,0.0,37649
1150147054,594792,0.0,1.0,0.0,42101
1151652787,20280,1.0,0.0,0.0,50
1142719619,572664,1.0,0.0,0.0,40625
1151622010,113948,0.0,1.0,0.0,545
1139635314,563044,1.0,0.0,0.0,33415
1153724750,80200,0.0,1.0,0.0,430
1139834130,574596,1.0,0.0,0.0,29890
1152143045,78804,0.0,1.0,0.0,157
1151659950,76568,0.0,1.0,0.0,1849
1149389781,615360,0.0,1.0,0.0,20647
1145337522,0,0.0,1.0,0.0,7
1147673578,582932,0.0,0.0,0.0,49587
1147885369,1195652,0.0,1.0,0.0,36671
1140800732,0,1.0,0.0,0.0,1
1152667446,86428,0.0,1.0,0.0,1916
1148064238,627788,0.0,1.0,0.0,42267
1152784262,1781632,0.0,1.0,0.0,38469
1145592671,583680,0.0,0.0,0.0,56280
1151742047,63320,0.0,1.0,0.0,74
1148225155,600324,0.0,1.0,0.0,2288
1148836074,598864,0.0,1.0,0.0,6235
1145332719,598792,0.0,1.0,0.0,53954
1146189662,76804,0.0,1.0,0.0,3682
1153232611,0,0.0,1.0,0.0,2
1139402392,559436,1.0,0.0,0.0,2073
1147232372,82704,0.0,1.0,0.0,402
1152446816,0,0.0,1.0,0.0,2
1151713628,70328,0.0,1.0,0.0,66
1149673832,53288,0.0,1.0,0.0,3605
1153753855,597072,0.0,1.0,0.0,42928
1145260482,599696,0.0,1.0,0.0,49080
1152143641,25724,0.0,1.0,0.0,66
1139570195,569596,1.0,0.0,0.0,33964
1148338541,1372548,0.0,1.0,0.0,29131
1147459543,582500,0.0,0.0,0.0,49799
1152009022,594396,0.0,1.0,0.0,33114
1151618769,20716,0.0,1.0,0.0,76
1152377062,598228,0.0,1.0,0.0,32949
1151736373,79268,0.0,1.0,0.0,66
1149634705,591396,0.0,0.0,0.0,42507
1144598342,587372,1.0,0.0,0.0,29332
1148159241,0,0.0,1.0,0.0,4
1148654051,598764,0.0,1.0,0.0,6018
1153730838,80184,0.0,1.0,0.0,432
1142792048,567148,1.0,0.0,0.0,18367
1150936739,0,0.0,1.0,0.0,1
1151615554,20732,0.0,1.0,0.0,86
1150940158,0,0.0,1.0,0.0,1
1139099152,570892,1.0,0.0,0.0,66994
1145877471,599452,0.0,1.0,0.0,52629
1147461205,581688,0.0,0.0,0.0,54283
1140090489,567460,1.0,0.0,0.0,24380
1145105075,585908,1.0,0.0,0.0,26467
1148319405,107928,0.0,1.0,0.0,4105
1145417431,574736,0.0,0.0,0.0,30004
1153229105,0,0.0,1.0,0.0,2
1150455436,1562764,0.0,1.0,0.0,27756
1147399537,602376,0.0,1.0,0.0,19273
1146195813,600144,0.0,1.0,0.0,23234
1146580802,570508,0.0,0.0,0.0,30510
1151054165,613272,0.0,1.0,0.0,42080
1152184390,593476,0.0,1.0,0.0,34048
1151405129,71740,1.0,0.0,0.0,968
1151727967,66872,0.0,1.0,0.0,59
1152171310,25684,0.0,1.0,0.0,74
1149863299,0,1.0,0.0,0.0,1
1151302756,65780,0.0,0.0,0.0,1853
1136494615,646096,1.0,0.0,0.0,49475
1139467555,555492,1.0,0.0,0.0,7303
1153732426,74756,0.0,1.0,0.0,244
1145992169,570332,0.0,0.0,0.0,29778
1149512933,590776,1.0,0.0,0.0,43611
1148066538,121124,0.0,1.0,0.0,619
1151653630,20276,0.0,0.0,0.0,60
1145105084,69212,0.0,0.0,0.0,3683
1147175711,64524,0.0,1.0,0.0,308
1150379114,0,0.0,0.0,0.0,5
1144418786,574092,1.0,0.0,0.0,34327
1151624567,68964,0.0,1.0,0.0,83
1147675326,598192,0.0,1.0,0.0,44951
1152146688,632968,0.0,1.0,0.0,33696
1148095224,81736,0.0,1.0,0.0,5602
1149837090,1592628,0.0,1.0,0.0,38156
1153030661,25720,0.0,1.0,0.0,73
1153131315,595520,0.0,1.0,0.0,39478
1147953780,14648,0.0,1.0,0.0,2
1153060597,599728,0.0,1.0,0.0,43599
1149448591,598112,0.0,1.0,0.0,49894
1149607569,598956,0.0,1.0,0.0,34552
1151420777,606796,0.0,1.0,0.0,33473
1150854091,1555416,0.0,1.0,0.0,29818
1150439713,600856,0.0,0.0,0.0,30062
1145985953,577564,0.0,0.0,0.0,30437
1145371790,601948,0.0,1.0,0.0,58094
1150794509,53576,0.0,1.0,0.0,3606
1136399232,649480,1.0,0.0,0.0,53169
1147306235,571644,0.0,0.0,0.0,23465
1147300030,580876,0.0,1.0,0.0,21191
1152040771,596076,0.0,1.0,0.0,43743
1151727524,65544,0.0,1.0,0.0,61
1144418517,585332,0.0,1.0,0.0,27251
1145912392,25688,0.0,1.0,0.0,69
1144598335,61948,1.0,0.0,0.0,1847
1145488153,584524,0.0,0.0,0.0,64229
1148026875,615976,0.0,1.0,0.0,38387
1149547441,594504,0.0,1.0,0.0,30292
1151742500,85748,0.0,1.0,0.0,63
1147297572,566700,1.0,0.0,0.0,19845
1147411938,79276,0.0,1.0,0.0,82
1150125934,1612324,0.0,1.0,0.0,31343
1140282531,0,1.0,0.0,0.0,2
1141521767,571060,1.0,0.0,0.0,31072
1151700899,20696,0.0,1.0,0.0,81
1140601629,567464,1.0,0.0,0.0,30983
1141716893,574752,1.0,0.0,0.0,47069
1141068425,566856,1.0,0.0,0.0,23341
1152171721,106112,0.0,1.0,0.0,1057
1151738413,85420,0.0,1.0,0.0,64
1151707680,35592,0.0,1.0,0.0,115
1147297079,580804,0.0,1.0,0.0,17434
1151730426,57404,0.0,0.0,0.0,62
1151302768,62036,0.0,0.0,0.0,1854
1146182858,64800,0.0,0.0,0.0,3684
1145719474,70952,0.0,1.0,0.0,214
1145875836,582872,0.0,1.0,0.0,24767
1146415233,588284,0.0,1.0,0.0,1417
1148319408,1088492,0.0,1.0,0.0,10088
1151720879,25676,0.0,1.0,0.0,60
1136877802,667848,0.0,0.0,0.0,52330
1150934878,0,0.0,1.0,0.0,2
1153734228,80240,0.0,1.0,0.0,435
1151500255,607500,0.0,1.0,0.0,36218
1151435605,72324,0.0,1.0,0.0,52
1149858449,931096,0.0,1.0,0.0,18673
1152947210,592352,0.0,1.0,0.0,41739
1145336903,586448,0.0,0.0,0.0,64816
1153727987,67492,0.0,1.0,0.0,60
1151309917,577200,0.0,0.0,0.0,13798
1152033920,105920,0.0,1.0,0.0,552
1147371698,573064,1.0,0.0,0.0,20168
1152611653,582920,0.0,0.0,0.0,173034
1149321309,72764,0.0,1.0,0.0,1851
1153727984,71148,0.0,0.0,0.0,7725
1145105023,577436,0.0,0.0,0.0,29971
1151649706,25672,0.0,1.0,0.0,51
1147350590,583136,0.0,1.0,0.0,17575
1145231212,592112,0.0,0.0,0.0,63772
1149605143,56300,1.0,0.0,0.0,194
1151303360,61868,1.0,0.0,0.0,1852
1149270482,89880,0.0,1.0,0.0,1086
1147899891,315120,0.0,1.0,0.0,2730
1151658108,582964,0.0,0.0,0.0,41381
1148350775,1326512,0.0,1.0,0.0,28107
1148351193,196016,0.0,1.0,0.0,454
1151646537,64176,0.0,0.0,0.0,53
1145179011,592076,0.0,1.0,0.0,25084
1151733399,79260,0.0,1.0,0.0,55
1145723301,581724,0.0,0.0,0.0,26952
1136281268,57144,1.0,0.0,0.0,1852
1151628625,79228,0.0,1.0,0.0,84
1151440403,25636,0.0,1.0,0.0,44
1152609902,1590812,0.0,1.0,0.0,34963
1151558766,580796,1.0,0.0,0.0,39581
1153727978,84260,0.0,1.0,0.0,6544
1139099518,572888,1.0,0.0,0.0,70209
1145723894,576260,0.0,0.0,0.0,30826
1151482023,599004,0.0,0.0,0.0,42283
1154511628,130980,0.0,1.0,0.0,2055
1150538372,86460,0.0,1.0,0.0,986
1151745019,25676,0.0,1.0,0.0,70
1139464834,559216,1.0,0.0,0.0,7157
1151791165,62896,0.0,0.0,0.0,84
1147677879,595772,0.0,1.0,0.0,43406
1153721768,74816,0.0,1.0,0.0,239
1152742887,600248,0.0,1.0,0.0,42321
1151640803,85204,0.0,1.0,0.0,73
1144277871,581972,1.0,0.0,0.0,34622
1149625137,579404,1.0,0.0,0.0,49165
1147733800,1213764,0.0,1.0,0.0,31131
1151709418,79272,0.0,1.0,0.0,69
1150502441,614236,0.0,1.0,0.0,23477
1149624868,595420,0.0,1.0,0.0,39504
1151432726,76580,0.0,1.0,0.0,1851
1146414513,587852,0.0,1.0,0.0,1734
1151712868,82728,0.0,1.0,0.0,90
1150966690,36428,0.0,1.0,0.0,1
1150799776,43908,0.0,0.0,0.0,3609
1145261294,592120,0.0,0.0,0.0,58178
1140101818,577876,1.0,0.0,0.0,60423
1153807007,600044,0.0,1.0,0.0,45098
1153733620,64224,1.0,0.0,0.0,50
1146415764,588260,0.0,1.0,0.0,2084
1153141906,74336,0.0,1.0,0.0,211
1152764728,598452,0.0,1.0,0.0,44398
1147959633,590488,0.0,1.0,0.0,19034
1147400300,594552,0.0,0.0,0.0,21874
1148003118,615772,0.0,1.0,0.0,35684
1151620506,20732,0.0,1.0,0.0,85
1151302042,587068,0.0,0.0,0.0,45509
1146377634,0,0.0,1.0,0.0,2
1151756411,1569548,0.0,1.0,0.0,33249
1148229723,614540,0.0,1.0,0.0,31865
1151305425,75172,0.0,1.0,0.0,1850
1151117292,1602412,0.0,1.0,0.0,35272
1137050822,630908,0.0,0.0,0.0,1735
1150443070,615596,0.0,1.0,0.0,25197
1143740850,560456,1.0,0.0,0.0,11461
1153901779,82964,0.0,1.0,0.0,957
1151693478,68344,0.0,1.0,0.0,88
1153728612,69868,0.0,1.0,0.0,243
1151614797,99592,0.0,1.0,0.0,548
1151543670,614416,0.0,1.0,0.0,32744
1149576804,589748,0.0,0.0,0.0,38558
1151730433,74852,0.0,1.0,0.0,64
1152036960,640780,0.0,1.0,0.0,44989
1151648427,64220,0.0,0.0,0.0,56
1151748595,79268,0.0,1.0,0.0,72
1152862815,599828,0.0,1.0,0.0,42584
1146417700,588096,0.0,1.0,0.0,1650
1150849343,1691924,0.0,1.0,0.0,38577
1151304958,583124,1.0,0.0,0.0,44574
1148019965,627868,0.0,1.0,0.0,38105
1153748988,25660,0.0,1.0,0.0,62
1149650002,63828,0.0,1.0,0.0,191
1140768876,568408,1.0,0.0,0.0,32359
1154329688,586624,0.0,0.0,0.0,35605
1147299548,586456,0.0,1.0,0.0,18929
1148959380,598884,0.0,1.0,0.0,6467
1152793333,592088,0.0,1.0,0.0,37258
1149708439,616116,0.0,1.0,0.0,24527
1152191047,1578140,0.0,1.0,0.0,31931
1153724057,74380,0.0,1.0,0.0,243
1149700635,619100,0.0,1.0,0.0,25888
1151719352,97384,0.0,1.0,0.0,179
1147621677,584452,0.0,0.0,0.0,49456
1147899588,315312,0.0,1.0,0.0,2522
1147673605,591248,0.0,0.0,0.0,50145
1151443161,596020,0.0,1.0,0.0,33480
1151629329,600296,0.0,1.0,0.0,35374
1151920204,25672,0.0,1.0,0.0,44
1136287448,58432,1.0,0.0,0.0,1850
1139402457,552200,1.0,0.0,0.0,2151
1147420884,63376,0.0,0.0,0.0,116
1148060277,625412,0.0,1.0,0.0,35640
1146424302,588300,0.0,1.0,0.0,1369
1145627162,598428,0.0,1.0,0.0,173427
1153726913,74780,0.0,1.0,0.0,243
1147299043,574080,0.0,0.0,0.0,24275
1151909280,584432,0.0,1.0,0.0,5185
1145332039,599384,0.0,1.0,0.0,46491
1147998222,0,0.0,1.0,0.0,2
1151106095,593264,0.0,1.0,0.0,32594
1161852966,291696,0.0,1.0,0.0,26483
1149560941,616100,0.0,1.0,0.0,22018
1151304939,72744,0.0,1.0,0.0,1853
1147673826,623864,0.0,1.0,0.0,42281
1150967841,0,0.0,1.0,0.0,1
1152445022,0,0.0,1.0,0.0,1
1149485255,616288,0.0,1.0,0.0,27197
1153749950,74780,0.0,1.0,0.0,246
1146413695,588052,0.0,1.0,0.0,1560
1150974550,72772,0.0,1.0,0.0,2417
1145468282,586200,0.0,0.0,0.0,55536
1140104187,568712,1.0,0.0,0.0,49954
1151053481,599852,0.0,1.0,0.0,42895
1145876955,76704,0.0,1.0,0.0,1852
1149446946,596328,0.0,1.0,0.0,42610
1153731378,59040,1.0,0.0,0.0,238
1151647204,25688,0.0,1.0,0.0,55
1152179150,84212,0.0,1.0,0.0,127
1148117255,0,0.0,1.0,0.0,4
1145883392,589592,0.0,0.0,0.0,34892
1153743444,80236,0.0,1.0,0.0,252
1150485041,612560,0.0,1.0,0.0,4280
1151646554,71392,0.0,1.0,0.0,57
1148065582,582216,0.0,1.0,0.0,19245
1145650745,67208,1.0,0.0,0.0,1322
1147450171,573064,0.0,0.0,0.0,20457
1149938655,582632,1.0,0.0,0.0,51296
1153899950,587028,1.0,0.0,0.0,51358
1151013957,579124,1.0,0.0,0.0,36355
1151755336,0,0.0,1.0,0.0,3
1152184077,593888,0.0,1.0,0.0,32163
1151620820,100948,0.0,1.0,0.0,149
1145722703,596196,0.0,1.0,0.0,23171
1149517937,601168,0.0,1.0,0.0,34976
1147594837,581632,1.0,0.0,0.0,48254
1146444491,588076,0.0,1.0,0.0,1514
1146509524,0,0.0,1.0,0.0,9
1153187031,82004,0.0,1.0,0.0,656
1147759782,312948,0.0,1.0,0.0,429
1151302770,74900,0.0,1.0,0.0,1849
1146415237,590324,0.0,1.0,0.0,2423
1151651225,20304,0.0,0.0,0.0,55
1148062247,84196,0.0,1.0,0.0,1030
1150937831,0,0.0,1.0,0.0,2
1148884543,598872,0.0,1.0,0.0,6007
1145552488,584452,1.0,0.0,0.0,57476
1148065585,0,0.0,1.0,0.0,2
1136302269,59916,1.0,0.0,0.0,1851
1143740373,556188,1.0,0.0,0.0,6567
1151699689,68904,0.0,1.0,0.0,68
1146418235,590140,0.0,1.0,0.0,2172
1149484339,616040,0.0,1.0,0.0,24035
1148960176,598812,0.0,1.0,0.0,6377
1152513221,0,0.0,1.0,0.0,2
1146416668,588104,0.0,1.0,0.0,1718
1152904480,592444,0.0,1.0,0.0,43826
1151742056,66664,0.0,1.0,0.0,79
1151944652,594756,0.0,1.0,0.0,33414
1151740513,20268,1.0,0.0,0.0,75
1147340571,583832,0.0,1.0,0.0,20768
1154030466,594460,0.0,1.0,0.0,38641
1149842904,617272,0.0,1.0,0.0,27210
1152104293,85284,0.0,1.0,0.0,262
1150645518,611160,0.0,1.0,0.0,40581
1145723775,577160,0.0,0.0,0.0,31979
1151791901,56000,1.0,0.0,0.0,94
1157539246,68952,0.0,1.0,0.0,50
1146006911,583304,0.0,1.0,0.0,21166
1151742046,31200,0.0,1.0,0.0,74
1150557463,584116,0.0,0.0,0.0,49817
1147341318,583500,0.0,1.0,0.0,18022
1153744040,25660,0.0,1.0,0.0,61
1153749519,71152,1.0,0.0,0.0,244
1151313774,599900,0.0,1.0,0.0,32052
1147421964,61448,0.0,0.0,0.0,1852
1146731856,65888,0.0,0.0,0.0,4002
1144597946,579820,0.0,1.0,0.0,27371
1141124538,573908,1.0,0.0,0.0,35285
1150644742,599004,0.0,1.0,0.0,42584
1148945702,599016,0.0,1.0,0.0,6024
1150557466,600476,0.0,1.0,0.0,44116
1153754502,607640,0.0,1.0,0.0,40594
1150934428,0,0.0,1.0,0.0,1
1151614803,598028,0.0,1.0,0.0,42376
1151749486,79260,0.0,1.0,0.0,71
1137499086,977480,1.0,0.0,0.0,2902
1151265408,596396,0.0,1.0,0.0,42245
1150478158,597456,0.0,0.0,0.0,28483
1151265956,75368,0.0,1.0,0.0,1851
1146723584,68776,1.0,0.0,0.0,2171
1145332347,600184,0.0,1.0,0.0,55976
1149425658,198984,0.0,1.0,0.0,178
1145336590,601120,0.0,1.0,0.0,56962
1151748594,36208,0.0,1.0,0.0,70
1139426065,551944,1.0,0.0,0.0,2340
1145882119,64828,1.0,0.0,0.0,960
1148959388,598792,0.0,1.0,0.0,5765
1151609011,601088,0.0,1.0,0.0,43039
1150924391,0,0.0,1.0,0.0,2
1149506882,592088,0.0,0.0,0.0,49336
1151552540,594208,0.0,1.0,0.0,35178
1152514460,0,0.0,1.0,0.0,2
1151551579,597760,0.0,1.0,0.0,31936
1151413331,20292,0.0,0.0,0.0,60
1139347598,555012,1.0,0.0,0.0,3426
1151643085,25660,0.0,1.0,0.0,56
1146665425,1392932,0.0,0.0,0.0,40147
1151728806,68848,0.0,1.0,0.0,71
1139420081,559660,1.0,0.0,0.0,2265
1151584022,596752,1.0,0.0,0.0,47081
1150970367,72564,0.0,1.0,0.0,2419
1151438987,70888,0.0,1.0,0.0,52
1150974548,584524,1.0,0.0,0.0,50395
1139408162,0,0.0,0.0,0.0,4
1153728615,80188,0.0,1.0,0.0,428
1147373189,580316,0.0,1.0,0.0,17888
1150039512,600300,0.0,1.0,0.0,43855
1148645998,598376,0.0,1.0,0.0,6113
1146191472,598860,0.0,1.0,0.0,27265
1153727379,70488,0.0,1.0,0.0,1851
1148011449,618656,0.0,1.0,0.0,32762
1144505461,581360,0.0,0.0,0.0,33597
1152377067,620560,0.0,1.0,0.0,31368
1152447129,0,0.0,1.0,0.0,2
1139605222,571388,1.0,0.0,0.0,38028
1142863685,0,1.0,0.0,0.0,2
1151609007,85160,0.0,1.0,0.0,73
1154030460,597968,0.0,1.0,0.0,43316
1140279353,566632,1.0,0.0,0.0,25852
1154356658,596812,0.0,1.0,0.0,37152
1151609981,65528,0.0,1.0,0.0,74
1150036995,581576,1.0,0.0,0.0,51231
1144418482,576088,1.0,0.0,0.0,34937
1153222925,0,0.0,1.0,0.0,2
1154354622,610856,0.0,1.0,0.0,36340
1151653194,25664,0.0,1.0,0.0,56
1147347637,590468,0.0,1.0,0.0,16322
1140759563,568788,1.0,0.0,0.0,29181
1152743314,1595560,0.0,1.0,0.0,33484
1152551605,0,0.0,1.0,0.0,1
1149708444,629604,0.0,1.0,0.0,26127
1147448286,53820,0.0,0.0,0.0,66
1151305378,72740,0.0,1.0,0.0,1849
1151791891,16416,0.0,0.0,0.0,89
1149661788,84212,0.0,1.0,0.0,108
1148882697,598672,0.0,1.0,0.0,6648
1142780368,573396,1.0,0.0,0.0,25109
1140278925,566512,1.0,0.0,0.0,24828
1153743433,85276,0.0,1.0,0.0,56
1151737940,79292,0.0,1.0,0.0,76
1139872732,581672,1.0,0.0,0.0,27558
1145518947,600600,0.0,1.0,0.0,52135
1152730414,598624,0.0,1.0,0.0,44229
1151750796,69308,0.0,1.0,0.0,72
1151661081,76640,0.0,1.0,0.0,4069
1152342890,599940,0.0,1.0,0.0,29273
1152763079,602984,0.0,1.0,0.0,44699
1147381373,575376,0.0,0.0,0.0,21399
1140831430,575036,1.0,0.0,0.0,30652
1144597962,60916,0.0,0.0,0.0,1852
1151266372,72828,0.0,1.0,0.0,1853
1151755333,25652,0.0,1.0,0.0,69
1151857887,71736,0.0,1.0,0.0,1854
1145877312,583108,0.0,1.0,0.0,25637
1139869532,568636,1.0,0.0,0.0,24452
1144598368,65816,0.0,0.0,0.0,1851
1152541251,79264,0.0,1.0,0.0,125
1151071830,71668,0.0,1.0,0.0,1850
1142795037,552084,1.0,0.0,0.0,10663
1151618769,68876,0.0,1.0,0.0,72
1153738575,73660,0.0,1.0,0.0,258
1139348139,554972,1.0,0.0,0.0,3465
1154027676,618460,0.0,1.0,0.0,39169
1151558343,20284,1.0,0.0,0.0,57
1143797410,0,1.0,0.0,0.0,2
1147961593,1556336,0.0,1.0,0.0,35605
1149526081,599504,0.0,1.0,0.0,35235
1145372095,585428,0.0,0.0,0.0,67079
1151725596,25680,0.0,1.0,0.0,64
1151647707,20276,0.0,0.0,0.0,53
1149796380,615372,0.0,1.0,0.0,24236
1151656127,580944,0.0,0.0,0.0,34578
1149592610,595096,0.0,1.0,0.0,36358
1145260979,616916,0.0,1.0,0.0,50201
1152184388,602884,0.0,1.0,0.0,36216
1150087066,72184,0.0,1.0,0.0,168
1145372097,593496,0.0,0.0,0.0,55218
1153006681,601596,0.0,1.0,0.0,42209
1148408830,583228,0.0,1.0,0.0,26501
1147352578,582772,0.0,1.0,0.0,16197
1151655245,79244,0.0,1.0,0.0,53
1151629331,20712,0.0,1.0,0.0,86
1147409511,63064,0.0,0.0,0.0,110
1152300061,1573452,0.0,1.0,0.0,30116
1151742050,64352,0.0,1.0,0.0,84
1147933793,81624,0.0,1.0,0.0,2577
1145179022,565160,1.0,0.0,0.0,25976
1156331738,0,0.0,0.0,0.0,1
1136284179,57224,1.0,0.0,0.0,1850
1142982150,58280,1.0,0.0,0.0,1853
1151067569,60764,1.0,0.0,0.0,1852
1146416352,588104,0.0,1.0,0.0,1817
1152106904,25712,0.0,1.0,0.0,59
1154329690,598712,0.0,1.0,0.0,34251
1136977612,0,0.0,0.0,0.0,1
1137052143,630872,0.0,0.0,0.0,1741
1150607190,597040,0.0,1.0,0.0,46827
1146444469,588160,0.0,1.0,0.0,1417
1153807016,598640,0.0,1.0,0.0,39562
1146821352,1217404,1.0,0.0,0.0,36491
1145177283,571132,1.0,0.0,0.0,24860
1145932820,603540,0.0,1.0,0.0,23176
1151725596,25676,0.0,1.0,0.0,64
1146201728,596580,0.0,1.0,0.0,25993
1151649262,20296,0.0,0.0,0.0,54
1146032308,596684,0.0,1.0,0.0,28121
1151916025,60968,0.0,0.0,0.0,1852
1153230458,593356,0.0,0.0,0.0,42395
1148835954,599068,0.0,1.0,0.0,6074
1153900566,85144,0.0,1.0,0.0,267
1139542552,571500,1.0,0.0,0.0,80028
1149772110,62028,0.0,0.0,0.0,1854
1149671442,609320,0.0,1.0,0.0,41467
1153731913,20284,1.0,0.0,0.0,60
1149959196,598680,0.0,1.0,0.0,49887
1150822255,597792,0.0,1.0,0.0,46516
1148835700,598840,0.0,1.0,0.0,5714
1145994865,572176,1.0,0.0,0.0,27936
1149014759,300244,0.0,1.0,0.0,2025
1149744333,617132,0.0,1.0,0.0,37449
1149914849,598928,0.0,1.0,0.0,53494
1147987570,615604,0.0,1.0,0.0,39247
1149486198,614036,0.0,1.0,0.0,24882
1151946148,611904,0.0,1.0,0.0,32053
1145905685,25672,0.0,1.0,0.0,75
1150794873,53596,0.0,1.0,0.0,3606
1148653873,598200,0.0,1.0,0.0,6074
1153074158,596876,0.0,1.0,0.0,173207
1151651646,64196,1.0,0.0,0.0,55
1139390669,551916,1.0,0.0,0.0,1072
1149701403,595724,0.0,1.0,0.0,35457
1153740825,69884,0.0,1.0,0.0,247
1148621798,598824,0.0,1.0,0.0,6209
1151666651,61432,0.0,1.0,0.0,83
1152184746,30632,0.0,1.0,0.0,83
1150984147,1384520,0.0,1.0,0.0,38152
1147302284,581228,0.0,1.0,0.0,20351
1145255986,600036,0.0,1.0,0.0,50007
1149847764,0,0.0,1.0,0.0,1
1148343043,1337052,0.0,1.0,0.0,47254
1156142444,77256,0.0,0.0,0.0,1884
1148858979,598856,0.0,1.0,0.0,6149
1145241542,600992,0.0,1.0,0.0,54985
1150579969,594940,0.0,1.0,0.0,42734
1153723393,62976,0.0,0.0,0.0,247
1149491671,618460,0.0,1.0,0.0,25796
1148064254,95112,0.0,1.0,0.0,9063
1154329218,1674504,0.0,1.0,0.0,37931
1152687334,630688,0.0,1.0,0.0,39273
1152703089,612332,0.0,1.0,0.0,42415
1145721802,575712,0.0,0.0,0.0,28833
1145562436,585212,0.0,0.0,0.0,65705
1151613713,25652,0.0,1.0,0.0,60
1136281692,57180,1.0,0.0,0.0,1850
1151302053,72832,0.0,1.0,0.0,1851
1139946202,211136,1.0,0.0,0.0,1488
1146840304,583272,0.0,0.0,0.0,29049
1141524113,68484,1.0,0.0,0.0,81
1136437495,649328,1.0,0.0,0.0,65918
1151749496,74872,0.0,1.0,0.0,67
1152665136,1777932,0.0,1.0,0.0,40541
1145393979,573084,0.0,0.0,0.0,26533
1150983425,1554696,0.0,1.0,0.0,37348
1152862299,596788,0.0,1.0,0.0,40816
1139347418,555052,1.0,0.0,0.0,3465
1151748165,25688,0.0,1.0,0.0,60
1151401783,1587048,0.0,0.0,0.0,53894
1149433803,616044,0.0,1.0,0.0,17424
1147677635,604964,0.0,1.0,0.0,45915
1151717619,79376,0.0,1.0,0.0,66
1151944637,600672,0.0,1.0,0.0,37668
1145723827,597356,0.0,1.0,0.0,26655
1153188201,0,0.0,1.0,0.0,6
1140982060,0,1.0,0.0,0.0,1
1148113198,580692,0.0,1.0,0.0,16031
1149959204,611000,0.0,1.0,0.0,55000
1145374924,583664,1.0,0.0,0.0,63572
1147681440,598356,0.0,1.0,0.0,43009
1151737937,74788,0.0,1.0,0.0,70
1152926324,593092,0.0,1.0,0.0,39318
1146821361,1225208,1.0,0.0,0.0,54659
1151694191,20740,0.0,1.0,0.0,84
1149653231,63828,0.0,1.0,0.0,194
1151309430,592016,0.0,1.0,0.0,40255
1149277418,64644,0.0,0.0,0.0,1857
1150827410,598848,0.0,1.0,0.0,44160
1150818811,61904,0.0,0.0,0.0,1852
1139854628,565452,1.0,0.0,0.0,22151
1151946988,25688,0.0,1.0,0.0,76
1152083520,594168,0.0,1.0,0.0,34407
1145883389,565692,0.0,0.0,0.0,26539
1148021891,616176,0.0,1.0,0.0,32310
1152340641,81508,0.0,1.0,0.0,10185
1145529102,598200,0.0,1.0,0.0,53973
1151746735,79228,0.0,1.0,0.0,66
1153224563,622816,0.0,1.0,0.0,40323
1154584456,1582536,0.0,1.0,0.0,35490
1153744701,74780,0.0,1.0,0.0,55
1145178350,569008,0.0,0.0,0.0,27368
1149552757,594192,0.0,1.0,0.0,38589
1147300455,582548,0.0,1.0,0.0,21421
1147727003,20716,0.0,1.0,0.0,52
1142639495,289392,0.0,0.0,1.0,7267
1144599824,573372,1.0,0.0,0.0,37319
1150814984,593776,0.0,1.0,0.0,42806
1153722921,74824,0.0,1.0,0.0,244
1152035364,598832,0.0,1.0,0.0,42582
1153727984,25664,0.0,1.0,0.0,56
1151916587,579424,1.0,0.0,0.0,37975
1151758483,25660,0.0,1.0,0.0,57
1147399545,581972,0.0,1.0,0.0,18116
1151694549,56028,1.0,0.0,0.0,94
1150948982,0,0.0,1.0,0.0,2
1149508799,613212,0.0,1.0,0.0,15760
1145468673,601636,0.0,1.0,0.0,52723
1149321803,1222416,0.0,1.0,0.0,30319
1152541251,90304,0.0,1.0,0.0,226
1150489268,615104,0.0,1.0,0.0,22201
1150059559,581624,1.0,0.0,0.0,47714
1147995475,1412876,0.0,1.0,0.0,33364
1149929867,0,1.0,0.0,0.0,1
1147680419,597452,0.0,1.0,0.0,41674
1146638428,1158032,0.0,0.0,0.0,30894
1153726909,62932,0.0,0.0,0.0,247
1149327919,595700,0.0,1.0,0.0,40664
1153721179,20308,0.0,0.0,0.0,56
1152009425,593104,0.0,1.0,0.0,29596
1147984243,0,0.0,1.0,0.0,1
1149585766,599600,0.0,1.0,0.0,33689
1146050552,582016,0.0,1.0,0.0,22384
1150096314,72228,0.0,1.0,0.0,168
1139466301,558688,1.0,0.0,0.0,7539
1150865270,601408,0.0,1.0,0.0,45515
1141099401,568312,1.0,0.0,0.0,25631
1154030466,594064,0.0,1.0,0.0,40928
1151436029,79220,0.0,1.0,0.0,51
1151711315,70712,0.0,1.0,0.0,65
1153107314,596440,0.0,1.0,0.0,41474
1144418481,570444,1.0,0.0,0.0,28019
1150098230,90360,1.0,0.0,0.0,39145
1141125017,0,1.0,0.0,0.0,1
1144505462,584440,1.0,0.0,0.0,31344
1154328611,591700,0.0,0.0,0.0,173125
1152611598,581204,1.0,0.0,0.0,36807
1152697387,1763904,0.0,1.0,0.0,34884
1144825736,300132,0.0,1.0,0.0,2924
1147340560,571560,1.0,0.0,0.0,20284
1151915600,61844,1.0,0.0,0.0,1852
1149791960,617408,0.0,1.0,0.0,20613
1148653857,0,0.0,1.0,0.0,23
1136280133,57164,1.0,0.0,0.0,1850
1151436023,68896,0.0,1.0,0.0,57
1151707676,84208,0.0,1.0,0.0,113
1151646546,20304,1.0,0.0,0.0,59
1151620507,74852,0.0,1.0,0.0,89
1149574422,578616,0.0,0.0,0.0,33496
1136977634,0,0.0,0.0,0.0,1
1150451381,591424,0.0,1.0,0.0,40965
1151750366,69584,0.0,1.0,0.0,66
1151725243,57760,0.0,1.0,0.0,67
1153062051,602716,0.0,1.0,0.0,41115
1147253395,300732,0.0,0.0,0.0,12669
1145943773,60452,0.0,1.0,0.0,71
1148241625,584556,0.0,1.0,0.0,18084
1149271882,596688,0.0,1.0,0.0,40124
1154357440,595892,0.0,1.0,0.0,30809
1145334495,585752,1.0,0.0,0.0,63786
1151615909,20708,0.0,1.0,0.0,82
1145477776,582104,0.0,1.0,0.0,24912
1150794877,43876,1.0,0.0,0.0,3609
1152040771,592632,0.0,1.0,0.0,45149
1139456565,558848,1.0,0.0,0.0,2550
1153753852,598632,0.0,1.0,0.0,39978
1140556302,567984,1.0,0.0,0.0,41547
1147298564,573556,0.0,0.0,0.0,24306
1151660370,76524,0.0,1.0,0.0,1852
1145394633,590440,0.0,1.0,0.0,22773
1154354259,593880,0.0,1.0,0.0,32641
1151621403,20724,0.0,1.0,0.0,80
1140043362,574448,1.0,0.0,0.0,26819
1152169656,82652,0.0,1.0,0.0,183
1153984953,1588076,0.0,1.0,0.0,35938
1150447943,72640,0.0,1.0,0.0,1852
1153753573,610092,0.0,1.0,0.0,43129
1151722453,68944,0.0,1.0,0.0,67
1150823156,72704,0.0,1.0,0.0,1850
1148226442,71748,0.0,1.0,0.0,1850
1153742322,74276,0.0,1.0,0.0,243
1153022645,0,0.0,1.0,0.0,5
1149400784,613964,0.0,1.0,0.0,20378
1153725836,74824,0.0,1.0,0.0,240
1153036269,79244,0.0,1.0,0.0,75
1152183185,594776,0.0,1.0,0.0,34122
1149506353,583744,0.0,0.0,0.0,58282
1140082440,572916,1.0,0.0,0.0,25955
1152566939,0,0.0,1.0,0.0,2
1147459549,595284,1.0,0.0,0.0,46152
1152298196,1389520,0.0,1.0,0.0,2835
1147517092,580792,1.0,0.0,0.0,51163
1147371734,573108,0.0,0.0,0.0,18069
1146412825,588060,0.0,1.0,0.0,1441
1152691385,1566676,0.0,1.0,0.0,34874
1150030211,604436,0.0,1.0,0.0,41217
1151741271,79320,0.0,1.0,0.0,62
1145601023,607052,0.0,1.0,0.0,54300
1151581830,20728,0.0,1.0,0.0,80
1151655234,20264,1.0,0.0,0.0,50
1149509251,72680,0.0,1.0,0.0,1849
1151013955,583404,1.0,0.0,0.0,41955
1150557165,595976,0.0,1.0,0.0,42489
1147950695,92608,0.0,1.0,0.0,6219
1145722701,631740,0.0,1.0,0.0,25253
1149487226,1130824,0.0,1.0,0.0,14636
1145919906,20292,1.0,0.0,0.0,66
1151650476,70336,0.0,1.0,0.0,60
1147790030,569552,0.0,0.0,0.0,21664
1146417186,589064,0.0,1.0,0.0,1950
1150556868,614004,0.0,1.0,0.0,44741
1149796326,617216,0.0,1.0,0.0,27575
1152834360,595428,0.0,1.0,0.0,41594
1145949733,85388,0.0,1.0,0.0,98
1150441575,608800,1.0,0.0,0.0,26192
1149673472,616500,0.0,1.0,0.0,29926
1147950138,69828,1.0,0.0,0.0,1859
1148058321,117704,0.0,1.0,0.0,989
1145179007,567856,0.0,0.0,0.0,26330
1141022717,568992,1.0,0.0,0.0,27333
1147329014,572576,1.0,0.0,0.0,22928
1153730307,68928,0.0,1.0,0.0,55
1151654927,20256,0.0,0.0,0.0,54
1145337499,587476,0.0,0.0,0.0,65746
1151941438,80592,0.0,1.0,0.0,192
1151745914,25652,0.0,1.0,0.0,55
1150734703,43908,1.0,0.0,0.0,3609
1151725605,76696,0.0,1.0,0.0,956
1152455667,0,0.0,1.0,0.0,1
1149886649,602156,0.0,1.0,0.0,44409
1151932827,599376,0.0,1.0,0.0,33342
1151657637,20292,0.0,0.0,0.0,55
1147297566,571052,1.0,0.0,0.0,24091
1149589593,615136,0.0,1.0,0.0,21592
1149553558,618032,0.0,1.0,0.0,26678
1147723115,579540,1.0,0.0,0.0,23758
1151726009,74844,0.0,1.0,0.0,59
1152541263,0,0.0,1.0,0.0,2
1147253396,300400,0.0,0.0,0.0,12528
1153741855,80284,0.0,1.0,0.0,435
1154357440,599948,0.0,1.0,0.0,34901
1136977613,0,0.0,0.0,0.0,1
1147759782,312984,0.0,1.0,0.0,437
1149342057,613492,0.0,1.0,0.0,40898
1145372097,583420,0.0,0.0,0.0,53478
1136871555,651512,0.0,0.0,0.0,47859
1151623722,85728,0.0,1.0,0.0,276
1152045477,596640,0.0,1.0,0.0,42512
1140138996,0,1.0,0.0,0.0,2
1151710653,25676,0.0,1.0,0.0,59
1151724002,74156,0.0,1.0,0.0,961
1148057295,90132,0.0,1.0,0.0,7655
1153737320,85192,0.0,1.0,0.0,257
1147806248,68564,0.0,0.0,0.0,194
1151648076,20316,1.0,0.0,0.0,61
1150735156,43836,1.0,0.0,0.0,3609
1150827029,610184,0.0,1.0,0.0,46361
1146446599,587980,0.0,1.0,0.0,1474
1146178354,92540,0.0,1.0,0.0,3629
1151551879,600628,0.0,1.0,0.0,33020
1145721785,581376,1.0,0.0,0.0,27468
1147885853,90132,0.0,1.0,0.0,167
1149791688,1343136,0.0,1.0,0.0,19815
1153147070,86492,0.0,1.0,0.0,2004
1149509252,72716,0.0,1.0,0.0,1850
1150536685,643600,1.0,0.0,0.0,33114
1151625352,25688,0.0,1.0,0.0,57
