SubmitTime,UserID,Used Memory
1145180518,8,593872
1151557109,12,594480
1140738011,8,587524
1146723763,8,64768
1136977627,0,0
1149854607,13,596916
1151644991,12,25668
1146191477,19,597748
1145514567,19,600420
1149837089,13,66376
1149582978,13,579888
1142757387,9,575156
1148014887,19,620216
1149708439,19,622704
1152730412,12,622648
1153807009,9,581316
1152181316,12,25692
1151710653,12,25652
1151661084,12,116596
1152665675,12,1763228
1151644992,12,25668
1147298088,8,567476
1145260979,19,1105524
1151648902,2,20332
1151657275,12,593668
1145963324,19,1384448
1151697153,12,69436
1150943148,13,0
1145180526,8,575788
1153061560,12,601800
1150849650,13,143504
1151654419,9,20284
1147966278,13,581428
1151710620,9,55544
1151916022,2,64752
1146195170,19,631652
1151741652,9,16404
1152168453,12,97396
1144505477,12,595748
1147965037,13,590912
1148118036,21,618208
1136285616,6,59900
1154421224,12,1762588
1145598472,19,1393668
1150931420,13,0
1147954131,13,72816
1145298834,19,601396
1148848493,19,598892
1147399537,13,602376
1151715125,12,632628
1150735179,13,53544
1151626801,12,74844
1151653211,2,20272
1151718512,12,55488
1151402631,2,586516
1149452993,13,100472
1145180326,13,602372
1150061453,8,60348
1139105459,8,1271872
1147297597,13,570384
1152958399,12,599888
1146378471,19,598092
1145644864,13,595728
1146415258,19,588144
1151485407,12,25692
1155106377,12,596860
1150849351,13,1180204
1151611842,12,173352
1148905169,10,581200
1146849344,19,63956
1153722910,12,74808
1142756848,9,571164
1152794378,12,605184
1147329004,13,570424
1152513222,12,0
1151739290,12,79300
1146449397,19,588272
1146449920,19,588056
1150088745,13,72220
1153730292,12,25668
1152170608,12,89664
1151657644,12,79272
1151712878,12,68888
1151733820,12,25680
1151653673,12,68924
1153060070,12,598584
1153721166,9,62884
1145872803,13,592916
1149170310,21,80052
1149011014,13,1217312
1152991497,12,1547544
1151657637,2,20312
1149491956,19,25228
1150039700,13,593220
1151425279,12,596756
1141817152,9,0
1151620506,12,20732
1150929505,13,0
1151918811,2,0
1153226366,12,0
1151717313,12,79328
1147431628,13,578604
1151917426,2,69268
1151730016,12,20724
1152729440,2,620948
1148621776,19,598896
1146457898,19,588360
1151647254,12,79272
1150851228,13,663180
1149484353,19,613356
1151304973,8,592044
1149408956,19,624868
1150798200,13,53520
1150573604,13,600036
1146449872,19,588304
1151658110,2,55928
1149509255,13,595600
1149886893,13,602452
1153749526,12,90148
1148066960,13,133320
1151013960,8,584040
1141941391,17,0
1154418854,12,76508
1153017089,12,85832
1154026592,12,617484
1147485240,13,582452
1147954142,13,586400
1153741842,9,71112
1151436031,12,25672
1148139077,21,618340
1145371487,10,591524
1152106901,12,25676
1151656489,2,60888
1153984528,12,81548
1147441691,13,60840
1146723581,8,68644
1151438460,12,25688
1151710237,12,85380
1152665673,12,1772148
1149580873,13,598368
1148408846,13,581040
1146446594,19,588020
1154519654,12,581936
1152172323,12,595040
1153733025,9,71188
1148079929,13,89644
1147461034,13,608908
1151791890,12,20728
1151618069,12,20736
1150816220,13,63356
1152009430,12,593732
1151648901,2,55544
1149703594,13,598064
1145936694,13,25660
1150928159,13,0
1153006681,12,601596
1152670172,12,594764
1153175120,12,591492
1150935150,13,0
1153740817,9,67244
1149773553,13,1592336
1150934850,13,0
1153107862,12,599060
1153735367,12,80232
1153726375,12,74768
1152648812,12,1761052
1149673265,19,614152
1136278069,6,951192
1149094161,21,586440
1151303335,13,72756
1152191047,12,1640764
1150827402,13,602664
1151856982,12,76576
1147297566,8,569684
1150051412,13,72256
1150829228,13,600536
1149886345,13,591704
1144505462,9,584440
1141524113,8,160128
1148615103,13,80132
1152943705,12,601420
1151309967,13,600244
1151303869,13,580384
1149273327,13,636824
1153741364,12,74312
1153721181,2,56012
1145933986,13,79304
1150966687,13,0
1151442337,12,593480
1150504469,21,606480
1154356659,12,593768
1150042688,13,72284
1145905674,13,584996
1149587217,19,616044
1148878171,19,598928
1151653660,12,71272
1140800256,8,569300
1150606030,8,595868
1147790028,13,574092
1152456265,12,0
1149490520,19,617800
1139389732,8,555032
1152611649,12,594988
1151791585,2,16412
1150078330,13,72216
1151049162,8,581952
1145261004,19,592056
1145627159,13,600468
1151653630,2,20296
1153828485,12,79780
1139409927,1,0
1152861755,12,595052
1151614492,12,20724
1151653631,9,20300
1150984830,13,591812
1140649875,8,568844
1151602499,9,581312
1147961593,13,1556336
1148884603,19,598852
1144598368,2,571608
1149910878,13,617096
1151740511,9,64144
1136299119,6,59896
1148062247,13,84196
1147673162,13,76952
1146444654,19,588088
1145372092,19,585060
1151721306,12,74996
1152944183,12,593608
1152670536,12,592072
1148230985,19,613204
1152180956,12,77572
1148882498,19,600876
1149652110,19,63856
1151216412,13,1601996
1154354259,12,593564
1152543353,12,0
1152171718,12,120800
1147352573,13,612472
1147621977,8,583956
1152042742,12,612144
1147299539,13,584160
1146667863,8,64928
1146412825,19,588296
1149773556,13,1590600
1140113939,8,580648
1148353536,21,82728
1150557759,13,629792
1151730435,2,55168
1153060597,12,599728
1143782984,8,556220
1151709121,12,25672
1151726316,12,25700
1153744045,12,25684
1146501416,19,72868
1149512149,8,609692
1151916502,9,581724
1154783126,12,580280
1152765027,12,599240
1151572701,12,595772
1148961682,10,581576
1153725834,2,71168
1153223733,12,599660
1153225476,12,0
1151310374,13,593440
1151500253,12,599720
1145105080,8,594172
1151644625,12,25676
1149855866,13,598992
1142825943,9,556660
1142817828,9,584432
1151303360,8,61868
1147853172,13,592264
1154029921,12,598820
1147961610,13,1191544
1152669727,12,1758976
1151608703,12,75480
1145661915,19,1241348
1153731924,9,20328
1147675030,13,597788
1141944678,8,569764
1149268804,13,85612
1152648515,12,1760136
1150810702,13,53592
1145657667,13,595680
1154511623,12,1766220
1145882105,13,573272
1148621855,19,600864
1145247871,19,600788
1152084877,12,597360
1147987656,19,619364
1149886349,13,1130688
1153733624,9,71136
1146840305,13,579228
1151791881,12,79308
1142713816,9,582536
1146413143,19,588120
1147298581,13,582896
1149507361,13,582516
1146627818,19,1416960
1151438997,12,25652
1151609609,12,592892
1146580825,8,577268
1150984142,13,74984
1153727382,12,69796
1146182122,8,62212
1140643132,8,571480
1152736895,12,597884
1144598736,2,62016
1145985593,13,577816
1150854109,13,601168
1149552694,13,598628
1151611375,12,1610436
1147399534,13,597084
1151724333,12,68892
1148009711,13,0
1151653185,12,25656
1148683624,19,598868
1146414580,19,588080
1139514979,8,568676
1150849349,13,1633748
1151652827,12,25656
1146446911,19,588124
1136276523,6,944552
1153230121,12,0
1153229094,12,0
1150646000,13,598916
1148221947,19,81704
1151649690,9,59180
1151614837,12,597940
1149878212,8,0
1152036957,12,75336
1149938658,8,591532
1151644616,12,25680
1151909326,9,64656
1147950655,13,82720
1151718094,12,64312
1145177296,13,583032
1151909266,2,568780
1151701242,12,25644
1137051550,0,630948
1145255986,19,620728
1147725747,13,608864
1149558472,13,599324
1151719343,12,35568
1154120218,12,592756
1146581915,8,576440
1152637200,12,1764440
1156249476,2,575652
1148621738,19,1102888
1150100041,19,616204
1148023353,19,633496
1136293860,6,59860
1151303949,13,75356
1147897878,13,110852
1145261011,19,614264
1152885185,12,593620
1141716891,8,572020
1147987634,19,616608
1145247375,19,601436
1152019310,12,84264
1150607140,13,1118352
1147621707,8,60328
1145372102,19,585656
1151653634,9,55964
1152042267,12,608456
1149529083,8,581656
1150970744,8,581496
1151695295,12,25656
1153741847,12,80232
1149509198,13,581576
1151910829,2,60996
1149368705,19,616056
1152984174,12,598624
1146509524,19,0
1151621414,12,25688
1149409900,19,617284
1151910522,9,64668
1147461667,13,580832
1149515234,19,610268
1151651638,12,25656
1149744375,19,616740
1139420081,8,559660
1151708394,12,68860
1143844376,8,559844
1150735604,13,43872
1148960173,19,599004
1152299710,12,1544860
1145539502,19,1401676
1151712865,12,79328
1150441269,21,80384
1151492262,12,1567772
1151303980,8,586440
1149653913,19,63844
1150529026,21,614956
1153226789,12,0
1149864963,19,616088
1150571257,13,594268
1151909273,12,587904
1136277772,6,955412
1147517101,13,584284
1147357215,8,69084
1145909541,13,74816
1145178825,13,582240
1151506203,12,25696
1147951372,13,0
1147967722,13,602388
1145178415,8,571212
1147968002,13,95484
1146448233,19,588108
1152455654,12,0
1139930963,8,568460
1150079473,13,72256
1147297572,13,583040
1151656854,2,57476
1148877688,19,613992
1136281265,6,57120
1146638425,19,1101932
1153037230,12,85208
1139576182,8,570800
1147269005,13,593728
1151722815,12,72844
1140876890,8,570304
1152533512,12,1506232
1146414583,19,588300
1152839862,12,609516
1149657913,19,63844
1150441574,21,634484
1151014250,8,581928
1154036194,12,601924
1151647248,2,64188
1152542152,12,77640
1153725341,12,80300
1144417094,9,569732
1151505848,12,592928
1145994816,13,584004
1151694889,9,62956
1146413682,19,588084
1151611790,12,25672
1149447721,13,72788
1136287453,6,56992
1151265408,13,596124
1151500614,12,594544
1150803220,13,53548
1151621721,12,596752
1151492025,12,1561764
1148646007,19,598912
1153228734,12,599768
1151624562,12,20744
1154537384,12,144632
1148129870,21,614592
1151452197,2,587832
1146444686,19,588268
1153232313,12,626740
1151941438,12,80592
1151265964,8,62008
1153741846,9,67316
1152904482,12,599100
1151625760,12,20692
1151751626,12,71752
1139348134,7,554840
1145488151,19,588584
1150479129,21,633136
1147788771,13,582856
1151303937,8,580424
1151692750,12,68888
1152927767,12,597932
1151656856,2,55996
1147726813,13,79812
1140800432,8,577176
1137430136,6,1675668
1149509224,13,0
1146417698,19,588068
1153984943,12,1554192
1147949605,13,79300
1152037866,12,614616
1148099879,21,618400
1151719843,12,20688
1151744487,12,1581960
1151719843,12,20712
1146753432,10,1391628
1146723557,13,68684
1151742513,12,74640
1145932824,13,595720
1153744704,12,80264
1145877469,19,599740
1145336891,10,586924
1148884598,19,598928
1145105555,13,570440
1151739642,12,85208
1151656500,12,68900
1146423245,19,588288
1151815727,9,16408
1149533571,13,630828
1145261009,19,585144
1153230458,2,593356
1152900609,12,598776
1147594827,13,580720
1136977602,0,653540
1146412345,10,571600
1151627181,12,79324
1145337515,19,0
1154037425,12,598740
1150529836,13,580928
1150500358,13,71632
1148683234,19,598852
1152541036,12,155728
1151620518,12,66684
1151736020,12,79280
1148884606,19,598392
1150042674,13,596144
1147129193,13,287332
1152514476,12,0
1151646542,9,20296
1149852846,13,0
1152341303,2,583616
1145247892,19,600328
1149661055,19,63864
1141955973,8,567740
1151627473,12,104492
1146193319,19,598228
1151746335,9,20276
1150489956,13,599852
1151740836,12,25688
1151707648,9,72896
1145371775,19,584208
1152667446,12,86428
1152190263,12,1618668
1145180205,13,582084
1150828993,13,588772
1153727379,12,85244
1151753477,12,25656
1145936690,13,25684
1150119250,13,490960
1150800296,13,53592
1151114196,13,597984
1149094190,19,581700
1139808902,8,569480
1153230461,2,583444
1140113937,8,568296
1151643866,12,25696
1146456460,19,588260
1151713176,9,64252
1137406892,0,649832
1145723302,8,586444
1146032318,13,581380
1152566393,12,0
1149890172,13,601116
1152612335,12,1588940
1151553292,12,595520
1152794370,12,599124
1149382507,19,642796
1152578970,12,107740
1151653189,12,25660
1144073261,8,66444
1147298568,8,586820
1140911390,8,568872
1140643790,8,572656
1151443845,12,1593000
1151216945,13,1546556
1153734773,12,72096
1149864969,19,627892
1140831422,8,570036
1151791886,2,16412
1147621709,8,583764
1149349164,13,71740
1149843090,21,611452
1150124088,8,581088
1153061563,12,598540
1149959221,13,599940
1136977615,0,0
1149121734,19,581584
1146849190,8,16432
1140008041,8,572928
1148848491,19,598788
1151910180,12,76548
1154574886,12,1590668
1147459548,8,582068
1147301802,13,581564
1151400885,2,600012
1151721303,12,67624
1152670179,12,1593268
1152833821,12,595944
1149955080,13,0
1152147278,12,107440
1148343039,19,1362048
1151910182,12,74892
1147298091,8,573112
1146417191,19,588276
1150793672,13,53592
1150443063,21,605988
1151652374,2,20284
1139412010,8,551732
1146190801,13,72804
1148338541,21,1372548
1150110966,13,592928
1149836935,13,25676
1149327917,13,1227276
1152145453,12,25688
1147558030,13,581500
1151693048,12,1588856
1147371734,13,573108
1149259569,13,600388
1151112065,13,594784
1149493445,19,611896
1139897210,8,77564
1147426146,8,574676
1151658109,12,64844
1152040286,12,627716
1151620510,12,20712
1152145141,12,90720
1147974397,13,0
1144597988,9,61932
1151622274,12,72160
1151496134,12,1570592
1150984824,13,592224
1149624835,8,609380
1142757504,9,595504
1150456027,13,598312
1150970734,8,581260
1151049486,13,600940
1154122950,12,599716
1148223056,13,1183132
1151791587,12,79256
1147381365,8,60280
1145298834,19,600636
1151618383,12,20716
1147621672,13,583400
1145229716,19,591900
1145261008,19,584376
1148083808,13,940220
1149843090,21,603812
1148848776,19,599048
1151746321,12,74996
1148554028,13,111136
1150525353,21,600048
1150854106,13,598348
1148904642,10,583692
1146208923,19,600668
1153745293,9,58976
1140282531,8,0
1150934875,13,0
1151556538,12,591744
1149257473,13,72016
1153721182,12,85148
1149768373,19,616412
1139389728,8,559508
1146580822,8,570348
1152344571,12,86616
1151086454,8,581328
1150378620,21,0
1149955080,13,598020
1151647726,12,25668
1145298556,19,599012
1150559091,13,600588
1151623000,12,25672
1151514604,12,594292
1151556815,12,594724
1149529577,13,586764
1151722436,12,63536
1150474955,21,599016
1146444673,19,588148
1150469691,8,579824
1136274841,6,951624
1153808189,12,594228
1151646179,12,25692
1137499088,6,2098376
1151658474,12,593396
1153900552,9,579916
1148954167,19,598916
1149322143,13,581164
1151660361,12,71824
1153750004,12,80152
1151711717,12,79256
1141944678,8,568748
1150823576,13,598260
1145393987,13,571472
1150970060,13,588704
1149122141,19,581632
1150936742,13,0
1149890519,13,598236
1150645518,13,611160
1148457581,19,631492
1152799682,12,628432
1147329006,8,61344
1146446252,19,1396220
1150495182,21,0
1151216409,13,1558224
1148457878,19,81716
1147448702,8,63340
1145393986,13,584612
1152174876,12,71664
1145468308,19,601228
1151428910,12,25664
1145585355,10,587676
1151712873,12,79260
1154329688,2,586624
1152888065,12,597048
1151714348,12,25684
1147987648,19,615348
1147329004,13,570312
1146444157,19,588076
1149850315,13,0
1153753847,12,630400
1145572634,13,598400
1145592673,19,593692
1152884591,12,600648
1149138618,13,101900
1146343574,19,1278904
1140300320,8,577808
1149577933,13,629112
1145883340,13,610820
1151746733,12,73924
1151939558,12,599696
1151265962,8,65808
1147300023,13,576100
1149388265,19,614988
1151077231,13,592880
1145260976,19,600796
1149519913,13,611360
1152081656,12,618140
1139595949,8,569852
1152106244,12,20752
1150493031,13,136944
1146378020,19,588276
1144757952,12,1242220
1151579829,12,66776
1146182884,8,61980
1145904499,13,76724
1151621717,12,68744
1151729521,12,78760
1151916526,2,20272
1151646841,2,20296
1152689465,12,597992
1153731379,12,80244
1140800252,8,570448
1147222872,19,82844
1151624139,12,25672
1149542679,13,595740
1139809623,8,567940
1154043394,12,1571760
1148229170,13,109644
1151631114,12,25688
1139347781,7,555516
1152344568,12,71860
1146667123,13,1475384
1149887545,8,592552
1151744982,9,20328
1151714619,9,20280
1150044555,13,72252
1151652373,2,64196
1151438465,12,76400
1150439709,21,607440
1151730787,2,64228
1149538885,13,593936
1147441073,8,16436
1147790027,13,575704
1136291926,6,57076
1153722370,12,80204
1151265944,13,75536
1151642435,12,85124
1149132105,19,598988
1149858459,19,98852
1151648073,9,20264
1151652378,9,64168
1147789723,13,1555852
1136283514,6,57164
1148113202,13,583080
1151648904,2,20280
1152793835,12,593080
1148027997,13,586328
1145592681,19,598472
1146581495,13,569688
1151814651,12,71680
1144418528,12,584008
1150969234,13,1595356
1152377067,12,620560
1151620149,12,85084
1148877691,19,598872
1145178592,13,582600
1147298567,13,567356
1147995829,19,615008
1150970751,8,579860
1142751653,9,574780
1151815425,12,71828
1148113203,13,584152
1151700054,12,25652
1151432212,12,76476
1158226353,4,64948
1143753296,8,559356
1140553844,8,567268
1148549805,13,70276
1151265950,13,72936
1147269008,8,580512
1154443543,12,1600032
1151729229,12,25656
1151649273,12,79280
1150038254,13,598164
1148859360,19,598644
1150456032,13,599524
1150806489,13,53604
1153730300,12,85216
1151725237,12,79236
1147965025,13,1095824
1150006024,8,583308
1147987658,19,624372
1151911070,12,25688
1151791594,2,62892
1151702271,12,25668
1151920203,12,25668
1151723236,12,596908
1146201728,19,596580
1147676745,13,592552
1153729154,12,85180
1147129193,13,287088
1151814657,9,63372
1149657913,19,63848
1151550319,12,606148
1144418524,2,572776
1140800256,8,569304
1154421173,12,1675452
1151709422,12,1373716
1146731859,13,68628
1148878158,19,598896
1139958989,8,569804
1151749962,12,25704
1151932370,12,0
1149912915,13,596624
1148060272,13,85168
1151049191,13,593236
1149011014,13,1175516
1151742036,12,68948
1145401542,13,600344
1161852975,15,294296
1147975122,13,0
1142817834,9,574896
1147974724,13,14632
1153900984,12,74772
1136324421,6,940856
1146417685,19,588084
1145247886,19,601952
1151615548,12,68764
1152182768,12,593600
1151757580,12,25684
1148021891,19,616064
1151648907,2,54996
1151728440,12,85648
1151304441,13,589856
1152743786,12,1693972
1147441057,13,20300
1146669076,8,68668
1151303936,8,584884
1154420218,12,1579728
1150070021,13,72204
1146668659,8,571544
1136297552,6,59904
1149732160,13,602240
1148079929,13,581348
1150378805,21,0
1147885393,8,956912
1151618381,12,67072
1145298427,19,607316
1151915592,9,60876
1149731905,19,614164
1152179515,12,25700
1151791585,2,71584
1149553547,19,615516
1152183668,12,593500
1151618083,12,20708
1150818797,13,72688
1147973643,13,0
1145396966,13,596728
1137549607,0,648980
1152899833,12,597928
1154025368,12,597916
1149856108,13,609104
1151651635,12,25688
1152611648,2,591960
1151075133,13,603848
1150084722,13,72204
1146446591,19,588012
1151644626,12,25676
1152170616,12,68624
1139401911,8,552100
1154329690,2,587252
1149513675,13,595864
1151053833,13,662352
1146446257,19,588304
1151727512,12,25672
1146666586,13,571828
1148853923,19,931144
1150797317,13,53576
1145564854,10,594476
1151262976,13,968528
1152689766,12,1550280
1136894656,0,646208
1149838867,13,1234684
1152648004,12,1753420
1151302096,13,581576
1153749524,12,85212
1153074158,12,596876
1146667905,13,80404
1151741627,12,75240
1151741231,9,57796
1151728441,12,25696
1149425660,13,90116
1150832632,13,597504
1153734776,12,80196
1154328610,9,577168
1151613508,12,74824
1150555782,13,598632
1145724127,13,597100
1152446821,12,0
1145887802,8,64188
1140681305,8,572696
1148683253,19,604224
1152184384,12,593460
1147419353,13,63320
1147973680,13,0
1151304876,13,72728
1140911094,8,568432
1149592616,13,600844
1146445583,19,588296
1144825744,2,287072
1150488335,13,1650580
1152180658,12,79256
1151815436,9,62948
1147495847,8,581324
1140268344,8,570748
1151743994,12,68968
1147680419,13,597452
1136297076,6,59660
1149772020,13,596472
1152347114,12,1686208
1148859355,19,598892
1145372099,19,608200
1151701258,12,61476
1139809862,8,567228
1146446895,19,588044
1149938829,8,576472
1152729870,12,594040
1153108877,12,634596
1149659924,13,86596
1157540869,15,25700
1154123849,12,595940
1150982988,13,1186940
1148640829,19,599024
1148064610,13,74860
1150485519,21,613972
1152455315,12,0
1154417176,12,139856
1146425025,19,587088
1144280495,8,57192
1148319116,13,1183464
1151310320,8,569932
1151648081,9,20300
1151086450,8,593948
1150810675,13,53548
1146448265,19,588044
1149507244,13,585712
1147299061,13,602760
1152573836,12,0
1147676746,13,60336
1152648509,12,1764376
1151694902,12,20712
1151740116,12,20712
1148228104,19,81700
1150645574,13,599076
1154582693,12,121000
1145591539,19,600952
1139860203,8,570984
1146449392,19,588320
1152926805,12,599260
1153225949,12,0
1153739117,12,25692
1140282528,8,571728
1142719619,9,573844
1151728451,12,65992
1148052050,21,0
1147946066,19,315260
1150098233,10,600028
1151618080,12,609396
1152547204,12,0
1148953673,19,598812
1148027999,13,581028
1151650477,9,20272
1151630028,12,1599768
1147986835,19,614796
1149121731,19,582168
1151707370,12,1564500
1148554908,15,0
1151699394,12,79224
1150983118,13,1566432
1151939555,12,595064
1145908767,13,40168
1139958988,8,581656
1149649998,19,63844
1153724746,2,67344
1150974546,8,581536
1150810658,13,53612
1149881120,8,0
1150066212,13,72216
1151571167,12,599408
1150038251,13,612952
1151553653,12,596024
1142802885,9,552292
1151648871,12,25676
1151658110,2,579532
1151303935,13,581528
1152446224,12,0
1151645753,12,79252
1158350985,4,1712484
1153721779,12,80220
1144597950,12,597060
1152545745,12,42024
1151910833,12,71780
1152184080,12,598044
1154025994,12,603840
1145912340,13,569300
1152180291,12,100040
1151654923,9,20316
1145592688,19,624384
1149509269,13,608796
1153730307,12,68928
1150606773,8,597868
1151740118,12,25652
1151618773,12,68272
1150063912,13,58940
1151730428,12,68952
1145371790,19,601560
1136294878,6,59592
1148057286,13,581808
1149856768,13,120272
1152009005,12,594888
1141098801,8,0
1151736014,12,25664
1148338549,21,82820
1150803219,13,53580
1149662836,19,56348
1149654613,19,63884
1147441682,13,53616
1151792492,2,71548
1153722379,12,25704
1150128221,13,596808
1148073933,21,625104
1151926379,12,0
1148061939,13,71448
1153737320,12,85192
1151659600,12,25668
1151435605,12,68960
1150606728,13,601976
1152910421,12,634360
1150968279,13,0
1148221951,19,81716
1136284896,6,57196
1151738917,12,68908
1151723999,12,75600
1153115477,12,4956
1151521851,9,586516
1144418485,9,571680
1151642793,12,25684
1139964270,8,571528
1153724735,9,62928
1149545617,13,625516
1145247879,19,600308
1151436467,12,25656
1150819934,13,72712
1147594848,13,580080
1149625130,13,581068
1148087605,13,100532
1152647465,12,1776196
1139848435,8,570356
1151658469,12,596736
1137051545,0,630956
1140051246,8,572476
1152345615,12,76560
1152040291,12,71628
1148621790,19,598684
1145527610,19,600884
1151309474,13,597060
1146418562,19,588264
1147888889,13,80508
1139941579,8,576512
1151699401,12,25664
1150529010,21,599708
1151654419,2,64180
1152983331,12,600552
1139347414,7,556060
1153899968,12,72708
1153726905,2,67268
1151075522,13,71608
1150937673,13,0
1151621710,12,601424
1151401787,2,1558344
1150607142,13,598004
1149397412,19,618632
1151557109,12,594908
1136289823,6,57180
1151726318,12,25680
1152547211,12,149676
1142811528,9,553224
1153038159,12,67288
1150819036,13,598488
1148882688,19,598852
1150810895,13,53580
1149505743,13,63124
1152340938,12,116124
1150874338,13,1559388
1151649267,2,20304
1149518750,13,621472
1140874944,8,567028
1153022650,12,86924
1153746534,12,25656
1149955439,13,607340
1149760941,13,597728
1151697522,12,1565556
1153724062,2,67248
1151713979,12,79252
1149570956,19,620604
1146413141,19,588168
1152039535,12,82828
1152768359,12,591264
1150098524,13,72212
1153737326,12,74824
1151697201,2,53348
1151696757,12,82492
1148858364,19,930896
1145303536,19,591852
1147463168,13,586068
1147676059,13,60412
1147399545,13,581972
1151312740,13,597448
1150794450,13,53576
1146010828,13,583128
1154123249,12,634676
1147300450,13,583820
1149744733,19,932348
1151652049,12,25672
1153224571,12,595608
1145393978,13,581984
1151718872,12,79288
1149491670,19,613364
1151302049,8,580976
1148343031,19,82748
1140759561,8,567600
1148946365,19,604088
1139955601,8,568812
1149125502,13,585328
1152340336,12,76708
1148117255,21,0
1151732083,12,25640
1151652373,9,20292
1152340934,12,81612
1154030468,12,601040
1153224571,12,614992
1151741235,9,57504
1148158601,21,0
1148457873,19,616708
1153735872,9,67260
1145261316,19,584168
1149663197,13,595584
1140282959,8,567632
1145516372,19,584592
1152609902,12,1590972
1150455467,13,1636660
1148858914,19,598932
1145541969,13,595408
1152184390,12,593476
1145394400,13,580888
1149554864,19,611380
1151754975,12,25680
1148946086,19,598680
1152793324,12,598588
1152345975,12,76552
1146414538,19,1091836
1151646230,2,50120
1146267090,7,68700
1145477778,13,584900
1151791588,2,71552
1146667893,13,85248
1152636569,12,1771248
1140131544,8,570468
1145752886,19,1397148
1145179666,13,581264
1151631117,12,79260
1151627463,12,68352
1136287994,6,59876
1147318289,13,571076
1137413177,6,1670224
1153225956,12,0
1149856765,13,71764
1151650128,12,25652
1145374615,10,583600
1147769031,8,64836
1151643876,12,25684
1146276280,19,1069864
1152543340,12,0
1149914841,13,594452
1152340631,12,591452
1151651632,12,25672
1149375066,19,615516
1150088687,13,72212
1151651194,12,25664
1141113951,8,575452
1147340577,13,71812
1152736941,2,585172
1151424768,12,594912
1139547278,8,0
1149858461,19,98864
1146419828,19,588044
1145566775,19,618076
1152298193,12,1598448
1151628613,12,25716
1152780691,12,1551520
1151649264,9,20288
1148065162,13,79688
1144505461,12,72812
1153742322,12,74276
1149731549,19,614060
1147673824,13,598816
1149121427,19,582292
1151710658,12,25700
1146580825,8,569128
1146731861,13,72816
1136392554,6,952272
1151265948,13,72820
1147466305,13,581952
1154420208,12,1591748
1144597963,2,60984
1152575123,12,0
1146425065,19,588056
1151618381,12,79300
1139830186,8,573504
1152031368,12,94048
1154103719,12,595732
1148904794,10,582108
1156230893,12,1442296
1139335730,8,551640
1151304500,13,580148
1148062654,13,98484
1148683327,19,598288
1147965788,13,0
1146413139,19,588056
1150093784,13,72196
1151440408,12,25668
1151707671,12,25688
1149662794,19,63836
1150497839,13,620172
1151618376,12,20752
1150606033,8,591496
1149998208,8,584388
1145511993,19,584068
1151713995,12,65132
1151457872,9,578016
1141946952,8,572572
1147358311,8,571300
1146326750,19,1070964
1140647474,8,567972
1147673171,13,597800
1151649283,12,25660
1151653664,12,75136
1145541971,13,596824
1145875844,13,579852
1146840277,8,64684
1147399540,13,601264
1155106368,2,581916
1152168759,12,74892
1149538882,13,594784
1153735874,9,67248
1149860907,19,616788
1148351196,21,82740
1136977818,0,645804
1151791894,2,63008
1151569251,12,597636
1145336898,19,584424
1153232616,12,0
1151725234,12,25660
1145180507,8,573620
1140073193,8,573640
1152168147,12,25684
1136876772,0,646588
1148658018,21,598960
1154420451,12,1769012
1139401739,8,551980
1150551163,13,601132
1148950116,19,598780
1136280731,6,932792
1153984945,12,86436
1136280136,6,57128
1149577723,13,593688
1151650826,9,20316
1153229818,12,0
1153925426,12,602032
1153229460,12,0
1148087765,21,616024
1140759861,8,569816
1146446243,19,588280
1136977578,0,645204
1139429983,8,551860
1152146672,12,35532
1150942316,13,0
1151701975,12,25704
1151425755,12,76600
1151715534,12,25708
1153733020,9,64248
1151740842,12,25668
1149569024,19,612816
1147441694,13,64880
1144417935,9,569788
1151651643,9,20300
1153107857,12,601880
1142819037,9,588676
1150806371,13,53592
1148653873,19,598200
1148072845,13,97868
1147453234,8,52940
1151910824,12,76672
1151651632,12,79248
1150068431,13,72232
1144416982,12,592036
1153233871,12,0
1153743444,12,68920
1149892589,13,0
1145721816,13,594488
1145592668,19,583644
1150585701,8,586776
1152848585,12,1572324
1151648078,12,69600
1146419836,19,588088
1140681302,8,570292
1149861569,13,155512
1152883963,12,591752
1150817587,13,61832
1140073197,8,595244
1150494648,21,599840
1151303335,13,72716
1151702266,12,68868
1150379112,21,0
1147129193,13,287164
1152786990,12,613984
1145634836,13,575164
1151492021,12,1586680
1151717317,12,79292
1146180678,13,61860
1146443062,19,1404892
1148960173,19,598856
1152575126,12,0
1150529832,13,588616
1151107898,13,76744
1151659223,12,594636
1151647254,12,79268
1151791896,9,16392
1141816684,9,0
1149515640,13,600744
1139406638,7,555776
1151714619,9,64196
1146419830,19,588272
1145178347,13,571656
1151708753,12,74820
1141951439,8,567424
1151458202,9,583836
1144598379,2,573048
1154027127,12,596948
1146006873,8,595672
1146182842,13,76676
1151727508,12,25696
1151441961,12,596224
1145695218,19,1401460
1139856088,8,570308
1146449920,19,588232
1145105075,13,599480
1136280135,6,59924
1153749519,9,59052
1140759857,8,77020
1151791881,2,60304
1152553705,12,111360
1139412907,8,552008
1152184754,12,597920
1144522719,12,580184
1153754753,12,598160
1152898241,12,594476
1136436595,6,647344
1151714634,12,71624
1150849340,13,1539976
1153729699,12,80192
1149277418,13,64644
1153724749,12,80292
1146193743,19,598604
1151856497,12,71600
1151646539,9,56008
1147674415,13,595956
1148026481,19,617476
1152039541,12,597364
1151814660,12,71892
1136290913,6,57284
1152839857,12,598780
1147371694,13,582308
1151435608,12,25664
1149064576,21,931344
1140008401,8,569504
1151815442,12,74904
1149843759,21,597220
1151699702,12,25696
1152034707,12,601240
1150150548,8,583424
1151720552,12,75228
1149484339,19,616040
1151655701,9,20316
1146413685,19,588088
1149371374,19,614528
1152837870,12,599872
1147953775,13,0
1149491945,19,0
1149860910,19,627728
1152180953,12,78820
1150447363,13,61844
1153232619,12,0
1147298559,13,570304
1145397898,13,595788
1151918338,12,74844
1151752063,12,71632
1149661537,19,63836
1146183665,13,72816
1145337517,19,600144
1140828624,8,568008
1148074590,21,620368
1151716931,12,68908
1150816808,13,62916
1139884430,8,609316
1148593899,13,91352
1147680425,13,594184
1150525123,21,597444
1153724749,2,67288
1136298640,6,59940
1151701676,12,25636
1150735180,13,53552
1151856979,12,71888
1150572577,13,596364
1149849444,13,0
1149661788,13,84212
1148946077,19,599012
1149624835,13,580772
1139332227,8,551988
1153060063,12,597584
1147466860,13,579564
1151652821,12,25660
1148882496,19,598432
1150967229,8,0
1151639209,12,25676
1156142446,2,20324
1148025928,19,614988
1151660367,12,76536
1150096381,13,72260
1146415751,19,588068
1151657323,9,69044
1146006911,13,581084
1148683256,19,598224
1151932825,12,598836
1139410149,8,559936
1151620511,12,72804
1150734704,8,43944
1139335908,8,551980
1151916021,9,20320
1140104426,8,569296
1151661081,12,87008
1149937749,8,0
1153726909,2,62932
1152689769,12,1556004
1144522724,12,586872
1154328609,2,579968
1151751577,12,1555444
1151722446,12,25688
1136954506,0,630644
1147967716,13,578868
1147301882,13,570220
1151651648,9,47836
1150967266,13,16672
1146446255,19,588280
1153745298,9,67216
1153233573,12,0
1139390383,8,551908
1146446243,19,588104
1150479299,21,621808
1145871971,13,596560
1151497820,12,604280
1145105080,8,68480
1146456894,19,588064
1151730787,2,62912
1149509204,13,579508
1148877812,19,598860
1146028836,13,582904
1140073199,8,568516
1149767660,21,618520
1152182775,12,595204
1154357777,12,600912
1147429391,13,569980
1150816993,13,61940
1139438228,8,559840
1147364820,13,569212
1152002986,12,620480
1148959798,19,600924
1150735179,13,43872
1152300349,12,1619692
1151658483,12,81940
1136977696,0,654572
1149938653,8,580212
1147680839,13,150816
1153074159,12,602560
1147419353,13,71280
1147391462,13,583904
1148621807,19,601068
1144396375,12,586816
1152106246,12,74844
1149394989,19,618468
1151750796,12,57744
1136871140,0,651528
1140619108,8,570576
1139402279,8,559680
1148961329,10,581560
1150854089,13,1550624
1148319405,13,106392
1152181796,12,71644
1149652107,19,63860
1152181316,12,25680
1147974405,13,0
1149700638,19,615628
1151631531,12,25664
1145247378,19,599960
1151724752,12,85616
1153816765,12,72640
1147679377,13,60332
1148075872,21,654556
1151412139,9,579364
1152344568,12,81708
1149515662,13,593260
1150574261,13,606920
1152145570,12,618180
1149488936,13,84672
1150806429,13,53540
1149504990,13,110852
1151583087,12,68912
1151745407,9,64148
1153741856,12,85160
1151737934,12,79264
1153723406,12,80208
1149515241,19,614056
1147673578,13,582932
1152145567,12,594304
1152030660,12,99112
1149138583,13,102368
1149913933,13,591832
1139348017,7,554960
1153753859,12,597148
1151551579,12,597760
1142795035,9,552056
1148001555,19,614096
1154036644,12,598588
1152300400,12,86584
1149653907,19,63872
1147885985,13,181200
1149890169,13,596428
1151406008,12,98996
1152456262,12,0
1149825294,13,604636
1149838859,13,102480
1136277000,6,57152
1150504469,21,598356
1153745298,9,59036
1150849978,13,600872
1147299516,8,583772
1136294886,6,59844
1153750399,12,80236
1149797057,21,620104
1151656865,12,79256
1136325143,6,946872
1149273307,13,582204
1151648429,9,64188
1149508796,19,617080
1151615554,12,20740
1147426549,13,572712
1151723216,12,595612
1153724742,2,62948
1149594310,19,63812
1151401777,2,1833952
1153109830,12,599256
1151609361,12,75148
1153222137,12,0
1147255083,13,585148
1150974550,13,61880
1148859352,19,598652
1149671433,13,596816
1150098522,10,90388
1151745431,12,25664
1151434640,12,70212
1151747207,12,68896
1154420218,12,1589500
1147885670,13,82720
1139420077,8,559864
1151617418,12,20732
1151656902,9,585804
1151738919,12,79240
1152568326,12,0
1151722150,12,79212
1151652782,2,55976
1145695209,19,1419544
1152182295,12,594708
1147298101,13,581172
1148683258,19,598864
1148683603,19,598884
1146444159,19,589132
1161323730,15,289100
1151609370,12,80396
1151655221,2,20256
1140790956,8,0
1149170306,21,930724
1152513838,12,0
1149560952,8,627600
1151909328,9,63652
1150125994,13,602400
1151067726,13,71652
1151044240,13,593980
1145261293,19,603952
1146428629,19,582672
1150572577,13,601944
1153116018,12,71680
1150082811,13,72228
1150122321,19,615028
1145521768,19,583656
1149567150,19,616276
1149268256,13,598936
1152036478,12,613260
1147850619,13,1571748
1151486010,12,595376
1153740822,12,69808
1151402632,2,581456
1154421526,12,1379552
1150927141,13,0
1151741267,12,79292
1149509258,13,77648
1149268804,13,25640
1151481420,2,52516
1139388649,8,559480
1146415751,19,588076
1148457251,19,617176
1149096956,21,582360
1146444648,19,588120
1145371795,10,613828
1153229468,12,0
1149655456,13,596144
1148683254,19,598212
1139440725,8,551932
1153010489,12,604992
1154850444,12,291492
1147724591,13,582836
1147987641,19,618372
1147621970,13,582596
1146448976,19,588256
1151435612,12,25664
1149801831,13,75020
1153748998,12,74864
1149980092,13,612200
1148835708,19,598972
1139564309,8,67776
1146207153,19,597540
1150795057,8,43892
1147673575,13,598808
1153747501,12,69880
1151745442,12,75368
1149673470,19,614492
1152677559,12,611512
1153723403,2,1581392
1147357203,13,571084
1152040291,12,81972
1150985004,13,595152
1140007307,8,572444
1149425658,13,198984
1149760948,13,625256
1149064140,21,931852
1147430652,13,67440
1145477776,13,582104
1148083798,13,110848
1149914849,13,602084
1147389964,13,591124
1140273900,8,567524
1136325144,6,877040
1145875466,13,574128
1145331993,19,603752
1149415972,19,618052
1147763226,13,60364
1136435035,6,938224
1147517098,13,583748
1151421201,12,596332
1151742050,12,64352
1153751544,12,80176
1136276771,6,57124
1151699039,12,79264
1141080225,8,572736
1147964910,13,0
1141104732,8,572128
1151763674,12,1510004
1152031377,12,129636
1148621741,19,599724
1151718881,12,25672
1147347260,8,20288
1136876772,0,666032
1137499087,6,2098312
1151304998,13,75164
1151457505,2,64192
1152446807,12,0
1149608042,13,1591108
1152448037,12,0
1152180284,12,25660
1153175126,12,637012
1146413148,19,594948
1146428624,19,592816
1149490517,19,615208
1145875457,8,575072
1148654051,21,598764
1154030463,12,598056
1142011633,8,288220
1146638378,19,1678872
1147329006,13,571380
1152454920,12,0
1151647201,12,72624
1151864055,12,76668
1149744330,19,615260
1149567946,19,625020
1153726910,12,80228
1146412422,19,588112
1141816965,9,0
1152103992,12,1594788
1149508796,19,614356
1147933791,13,82684
1150735655,13,43884
1156142449,2,77316
1151791591,2,62916
1148883034,19,0
1150849981,13,1139424
1148157341,21,0
1148835700,19,598828
1149579578,13,593476
1149536244,13,595656
1136296260,6,59912
1149574967,13,586636
1151654933,12,79300
1149912976,13,116172
1148961329,10,582592
1151658481,12,596900
1147241090,19,63960
1153223737,12,602188
1152376342,12,593572
1147350524,13,77252
1148064227,21,616084
1150793626,8,43912
1145298539,19,586376
1152577156,12,161036
1152179153,12,76872
1152947689,12,603432
1146445574,19,588312
1151302096,13,604820
1150475256,21,613984
1148075965,21,619400
1151856977,12,71844
1147222873,19,63888
1151658484,12,83052
1149696697,13,75588
1149556763,19,616056
1151521854,9,20256
1152447752,12,0
1149582076,21,615552
1150107089,8,581584
1153753842,12,602664
1148338177,21,1342184
1150857085,13,600188
1144505465,12,76732
1153232308,12,597544
1151730015,12,20716
1149767659,21,616044
1146576361,13,582480
1145456056,13,597784
1147674417,13,593144
1149592610,13,72712
1151649699,12,79316
1151013237,8,588016
1152900609,12,593116
1145950100,13,41500
1153109416,12,598452
1150867793,13,122160
1146415386,19,588108
1152172031,12,596828
1153899966,12,603852
1152180642,12,76624
1144505456,2,577948
1145901081,13,582044
1151656504,12,1556940
1150557468,8,599212
1139402630,8,551700
1146412827,19,588060
1151665874,9,71168
1153751184,12,80216
1146180676,13,64820
1146222912,19,599148
1149544719,13,1578660
1151615554,12,20732
1149657871,19,63900
1148051107,19,617752
1150469155,21,594384
1141019807,8,582824
1145547577,19,586268
1148893423,19,598964
1149663194,13,71740
1146413112,19,588084
1152042279,12,592540
1151948460,12,594564
1145875471,13,581412
1150574261,13,602992
1145179014,13,597124
1153733029,12,597048
1151440410,12,596364
1147759782,19,312976
1152172024,12,596232
1149124305,13,185092
1151652054,12,25692
1153727995,12,72760
1145721802,13,575712
1151618370,12,79312
1153731912,12,85216
1152545146,12,0
1145882109,8,573624
1151815725,9,71816
1136871140,0,650800
1148032869,19,626400
1151048738,8,582808
1150042685,13,72188
1153722907,12,80296
1151074201,13,76572
1150869150,13,0
1153744040,12,69836
1147441687,13,20288
1147474651,8,579448
1147726813,13,1225232
1147987564,19,615236
1153740828,12,67576
1145987979,13,1106316
1156778023,15,1572308
1145723768,13,581804
1150606741,13,595384
1152184390,12,597016
1151621717,12,20716
1140910734,8,566188
1144418765,12,588224
1151656854,12,25700
1152344983,12,82696
1151618769,12,68876
1148353536,21,81788
1152743311,12,1588876
1144962964,7,62752
1149493385,19,614184
1151416899,12,592960
1146413153,19,588056
1147297567,13,580268
1147301886,8,589772
1152181306,12,25676
1151646544,2,55944
1150122339,19,618076
1148063661,13,0
1153725339,2,59080
1149860302,19,613480
1153188205,12,0
1153229105,12,0
1145371777,19,589576
1144235844,8,559872
1149600270,8,579496
1151916023,9,0
1151569247,9,16420
1148547489,13,70292
1146415261,19,588124
1146188056,13,75248
1151404641,9,579464
1151601778,9,581268
1150806491,13,53572
1150002441,8,583180
1150966154,13,0
1144506463,2,572860
1151712572,12,25680
1146100623,19,1395312
1152025726,12,130664
1151433743,9,47864
1151425274,12,595172
1153107857,12,598316
1151730431,2,64224
1149913572,13,604344
1151722810,12,25676
1151920588,12,25696
1153751189,12,68880
1145332377,19,600180
1145661918,19,1410328
1145417448,13,581240
1146415227,19,588052
1151411668,9,580380
1136477269,6,654352
1150827405,13,605732
1151630636,12,1571040
1148068668,13,20740
1147999584,19,616556
1151647198,12,41972
1150475251,21,412516
1146414577,19,588292
1136284174,6,57176
1149929867,8,0
1146423603,19,588064
1147378098,13,71540
1154025368,12,598396
1151742976,12,79256
1149544723,13,593756
1152447120,12,0
1144598718,12,584924
1147966971,13,0
1148075340,21,615028
1152300349,12,1596696
1145375225,10,586260
1145945238,13,25684
1151609361,12,20744
1151302765,13,1554788
1147595796,8,585044
1146028833,13,582244
1151697170,12,25668
1148060267,13,599352
1145724127,13,581984
1149507331,13,593336
1151425755,12,106656
1151303382,13,74928
1145105023,13,593604
1151652361,12,25656
1146483485,19,1403764
1150537172,21,0
1146450245,19,588216
1140043363,8,571004
1136278585,6,57160
1150124060,13,593196
1148959788,19,598972
1150085085,13,72256
1147673565,13,581212
1140768879,8,568228
1136326814,6,955416
1137044940,0,630856
1151122723,13,595484
1149650427,19,63844
1151724769,12,79240
1147995475,19,79116
1151645762,12,79200
1153753853,12,637800
1144597936,9,62952
1140636533,7,570700
1149886406,8,594708
1151739292,12,68924
1151709125,12,25640
1149493448,19,614240
1153029067,12,597496
1145898258,13,602464
1151742982,12,66376
1153233570,12,0
1145949739,13,25664
1151815070,9,68952
1148904801,10,582620
1147363623,13,575412
1149938660,8,0
1151716203,12,25676
1147297595,13,572020
1145600785,19,600240
1152036472,12,598636
1146415236,19,588040
1150442624,21,614148
1150734711,13,43904
1147673829,13,591960
1145514514,19,606624
1151753480,12,25676
1152455653,12,0
1147421969,13,60952
1152180942,12,25668
1151792494,9,63068
1152926331,12,599276
1151916528,2,62900
1151915606,9,0
1150865630,13,595620
1151720201,12,68916
1148061945,13,20724
1146444135,19,588316
1148112302,13,581128
1145661918,19,1434652
1151792497,2,60364
1139932409,8,561840
1151302761,13,65924
1147437903,13,61024
1151656128,9,60808
1150968276,8,0
1153813249,12,593312
1151056754,13,593532
1147726822,13,979416
1147329787,13,603580
1153733017,9,20284
1148068372,21,615188
1150966156,13,0
1154030953,12,592728
1151620518,12,68908
1153173688,12,591316
1147680839,13,90108
1150606784,13,598152
1151498213,12,595788
1151304956,8,581584
1145232427,19,584628
1151436033,12,25696
1151646541,12,68880
1150004229,8,581512
1153737324,12,74788
1149983479,8,584884
1151749951,12,79256
1151304500,13,1751424
1140073197,8,571688
1136274609,6,943396
1151399859,2,588584
1147961607,13,1530036
1148621403,19,599004
1151647256,9,56012
1151742526,9,55956
1152105073,12,84252
1146582375,8,619388
1150030541,13,598924
1151753883,12,79268
1149559811,8,583584
1151651652,9,64240
1151712123,9,64132
1153727388,12,82032
1139419236,8,552012
1145721781,8,571264
1150441569,21,600028
1151652019,9,20304
1151650115,9,20272
1150797365,13,53576
1150181480,13,0
1153736845,12,25692
1136279644,6,57048
1150819527,13,593344
1151730792,2,56000
1152342579,12,103792
1147900305,13,589356
1145241249,19,603012
1140636353,7,568740
1151647256,2,20296
1149077586,19,582252
1151754249,12,79256
1151442856,12,603716
1147677513,13,597188
1153222131,12,0
1146419524,19,588096
1154028273,12,602924
1150456029,13,598540
1136963328,0,45848
1149564663,19,614268
1151711296,12,25644
1153734779,12,80240
1145656356,13,590740
1145914442,13,20312
1150091663,13,72220
1145883384,13,570124
1150469696,8,583928
1145484455,13,576536
1136276997,6,953524
1151726009,12,74844
1151302761,13,63340
1153725829,12,74312
1145985943,8,570368
1146723800,13,566500
1151602141,9,20272
1154329212,12,1598820
1148853918,19,930972
1145932036,13,68928
1153722373,12,25704
1151625335,12,1561548
1149656784,19,63880
1154330102,2,580752
1152143949,12,150632
1151451416,2,580400
1148026872,19,617108
1150819296,13,629744
1147556282,8,580372
1146449392,19,588092
1149657979,19,63856
1136493895,6,647140
1153726367,12,80244
1151553655,12,594036
1151267576,8,1534308
1149577933,13,581140
1149938653,8,587988
1153732426,12,74756
1154447172,12,1367392
1150823937,13,598392
1149576196,13,582140
1151715545,12,25628
1147987648,19,623588
1151302764,13,61944
1150810658,13,53588
1153741847,12,67168
1153807762,12,597992
1151734962,12,75200
1150524034,21,595964
1149132241,19,598188
1153738584,12,80168
1151482017,2,20292
1147301384,13,582308
1151500611,12,617496
1146180669,13,61976
1146666616,8,572048
1144650735,2,574940
1148884664,19,598844
1150557471,13,592476
1148657965,21,598952
1151791165,2,62896
1151623367,12,25644
1154420453,12,1778848
1146050484,13,71788
1141535559,8,566260
1150794509,13,53568
1153012561,12,79256
1151792497,9,16388
1146222921,19,599632
1152040762,12,76548
1151265938,13,75440
1151613484,12,79232
1149490473,13,636700
1152184078,12,596048
1153743444,12,80236
1150797299,13,53564
1149858449,21,931096
1148129872,21,618352
1146412650,19,588048
1150117955,13,502000
1149493451,19,615212
1150557950,13,599320
1151609369,12,592576
1144418966,9,587240
1153228741,12,0
1151412559,9,581968
1152340938,12,81504
1151664804,12,79244
1147950695,13,92608
1151649709,12,25660
1150861337,13,0
1149491953,19,7192
1149574459,8,593388
1151402134,2,585604
1151570747,12,597076
1151752718,12,75208
1141086008,8,571500
1151652351,12,1586504
1147426156,8,572232
1153031745,12,607000
1152180289,12,75204
1145394866,13,580504
1152628547,12,1561528
1151649286,12,25656
1141658851,9,0
1150795654,13,53596
1149706805,19,614068
1148113199,13,583900
1149606936,8,61844
1153721183,12,80212
1151661561,12,71832
1144418495,9,573144
1151265941,13,61980
1151056757,13,71628
1148848797,19,1100692
1151560660,9,580468
1149378530,19,632072
1148621741,19,603152
1151916500,9,43908
1149323235,13,81712
1136977579,0,650216
1146203473,19,603104
1137052672,0,630956
1152300062,12,1264156
1152184750,12,612600
1149544723,13,594008
1152784806,12,597420
1154353814,12,594636
1139464837,8,559220
1146825709,13,573100
1151654042,2,64200
1145177275,8,573668
1150983866,13,582772
1152836940,12,593652
1136290432,6,57940
1151814648,12,76564
1151617774,12,598256
1153115477,12,0
1152143648,12,159448
1152919840,12,603724
1151735354,12,79292
1150797375,13,53584
1148621346,19,598680
1151631526,12,25672
1152764728,12,614452
1148858678,19,82792
1151310374,13,597536
1147673573,13,584416
1150107024,13,599668
1149886886,8,584620
1147426159,8,570792
1146182120,13,61740
1149093940,19,581692
1145981746,13,575584
1150606036,8,581076
1149735538,13,1607148
1151655711,2,20312
1150441863,21,606556
1146182855,13,64880
1145913120,8,577944
1151711731,12,85648
1151615908,12,20712
1150488792,21,644664
1153813255,12,597100
1146418482,19,588332
1150851825,13,1574148
1153807007,9,594084
1152034705,12,79292
1149509674,13,582924
1146050554,13,584228
1149597861,13,594512
1147726403,13,581188
1151492260,12,1566756
1151656132,12,593752
1140011288,8,576024
1147298044,13,583960
1152344573,12,86652
1141998562,14,132852
1151650106,2,20284
1151608704,12,92996
1150070382,13,72152
1145949742,13,101096
1146138426,19,1397216
1136871553,0,646216
1148621331,19,598720
1147347289,13,580072
1147974403,13,0
1140780553,8,568552
1150817778,13,591928
1151048771,13,624860
1151641168,12,25688
1147417914,13,46108
1151914037,2,60772
1150100620,13,610232
1141932877,8,597008
1149399939,19,613276
1150799333,13,53568
1148223680,19,81588
1151656128,9,579916
1151428457,12,595920
1151553957,12,593764
1147594832,13,596688
1147441068,13,20296
1148645389,19,598236
1145522284,10,585220
1153723397,12,79296
1151643869,12,25668
1152171302,12,84184
1149796393,21,615276
1152531276,12,0
1145883745,13,577752
1151436470,12,79288
1136284894,6,59644
1148457578,19,615312
1151402142,2,582192
1154550076,12,1760936
1151049787,13,600892
1147885405,8,77516
1146446598,19,588092
1148351190,21,1342904
1152540727,12,144668
1153731385,12,74824
1146202440,19,599128
1149749879,19,630016
1149655040,19,63900
1147724116,13,584104
1152991493,12,1628568
1145179017,8,570176
1151411183,9,623732
1151622992,12,85200
1149606964,13,594964
1149132313,13,194364
1153737915,12,79252
1146415762,19,588080
1150441270,21,597404
1148554558,19,617384
1150988063,13,72540
1154444747,12,1583148
1153900560,12,67220
1146414508,19,588300
1152174547,12,64120
1151663162,12,79292
1146013790,13,583364
1150557642,8,588952
1147299040,13,570068
1151791166,9,60316
1149490514,19,618132
1147946417,19,315356
1151608683,9,64248
1152340931,12,83000
1146446901,19,588256
1153726910,12,80228
1148653510,19,598880
1149654615,19,63832
1145878338,8,570472
1151625761,12,25684
1146378017,19,588056
1145928762,13,85228
1152666904,12,77560
1152637206,12,1645356
1145936024,13,594572
1153750822,12,80264
1153925419,12,602192
1151719360,12,97316
1149915014,13,595536
1152730417,12,610800
1151438993,12,25652
1147959639,13,593652
1152143303,12,41012
1136281685,6,59920
1147987269,19,617016
1151399865,12,598792
1147289375,13,300980
1154329272,9,579448
1150379112,21,0
1145180520,8,572204
1146423222,19,588044
1146327065,19,1270284
1153742800,12,64660
1150734707,8,43884
1147933793,13,916584
1151651646,2,20300
1151815438,2,61044
1153178695,12,596256
1154944704,12,289300
1148653857,15,0
1152299403,12,1582276
1148657602,21,602012
1145371798,19,1118444
1151214901,13,1281356
1150924395,13,0
1150042697,13,72196
1148027173,19,626580
1145878341,13,582776
1136285627,6,59932
1148450405,13,597044
1152879786,12,608160
1151729539,12,79320
1147289371,13,301200
1154944714,12,288084
1151647709,12,79264
1145261011,19,591568
1145218827,19,524276
1147442469,13,60804
1146100623,19,1391848
1145723301,13,576056
1149581780,21,616064
1146188083,13,76684
1152339555,12,91416
1151712149,12,75212
1152106548,12,90128
1139958990,8,568220
1151718096,12,70732
1149399317,13,608956
1151792482,12,85592
1146417176,19,588112
1152922452,12,598848
1151751577,12,79300
1151733411,12,25652
1149488707,19,616652
1144522721,12,591380
1151916031,2,60868
1147171795,19,64560
1146667122,13,77520
1145901084,13,587008
1150441279,21,600840
1148878160,19,1101636
1151929052,12,0
1146421528,19,72872
1151431426,12,68916
1148058314,13,582308
1151698293,12,25640
1145529102,19,605492
1150440016,21,648904
1151620820,12,100948
1152840579,12,606184
1152445621,12,0
1153735882,12,80304
1150802200,13,53576
1139932650,8,568476
1145547559,19,603936
1149731546,19,634908
1153725817,2,67204
1139585235,8,571968
1147297093,13,582868
1145910458,13,25664
1149606936,8,63356
1147463615,13,581504
1151694911,12,25660
1151749957,12,79204
1151440411,12,591560
1150440424,21,612960
1147621970,13,579960
1145240952,19,605344
1150974548,8,584524
1149587313,19,617272
1151053122,13,591792
1149856108,13,0
1149490507,19,617136
1151648849,9,20292
1149494330,19,615756
1153725345,2,67256
1153748993,12,79284
1146449857,19,588052
1151304559,13,587792
1150824698,13,607996
1147437966,13,60956
1149796754,21,614028
1154563635,12,1581824
1146448281,19,588252
1145332725,19,1124384
1149705155,13,594708
1151018875,8,580508
1147724611,13,586580
1151916892,12,89464
1151752056,12,79260
1150849644,13,1188204
1151760100,12,25668
1152172331,12,617644
1151652044,12,25620
1152637200,12,1755376
1151400873,12,595696
1150607140,13,600696
1150644748,13,595904
1145179063,13,593192
1151792489,2,71272
1150795469,13,53624
1151492673,12,1569736
1150030215,13,599936
1151650471,9,20328
1151658810,12,74584
1152169227,12,25668
1149426083,13,1748512
1140681124,8,582864
1151053838,13,596180
1153233864,12,0
1154029919,12,604120
1151856502,12,76568
1152183182,12,594916
1149660644,13,595004
1151718099,12,68916
1147302388,8,569048
1137087117,0,1571316
1151711006,12,25696
1149451888,13,72016
1149411587,19,618900
1144418969,9,569816
1151707685,12,1587272
1154357026,12,598560
1152300405,12,1637168
1151069493,13,76540
1152342587,12,599400
1149552757,13,596928
1151654916,9,20288
1149408949,19,614896
1151741650,9,62884
1153748082,12,80232
1151711726,12,79200
1139547281,8,0
1149791688,13,1343136
1153721779,12,85188
1149515656,13,599812
1151405125,9,63444
1139933490,8,574580
1151733406,12,25672
1148554551,19,615116
1146377950,19,588080
1153745908,12,69868
1149761931,13,608408
1148319113,13,92668
1149661234,19,63908
1151559184,9,580008
1153984228,12,85296
1151721723,12,25660
1150941224,13,0
1148621816,19,598888
1150967263,13,0
1139098852,8,575764
1150822022,13,72736
1146449481,19,588260
1149392246,19,615404
1147897883,13,90088
1150579312,13,591388
1146414619,19,588096
1145177296,13,584416
1145484493,13,596180
1151651643,2,20268
1139405642,1,0
1147376588,8,67732
1149583580,13,61836
1145177266,13,568764
1151649269,9,20292
1147329015,13,570180
1145298551,19,601168
1147946063,19,315348
1148318620,13,1176032
1147621682,13,578384
1151266926,8,20288
1151438446,12,594952
1145906686,13,583312
1147318300,13,582536
1151735719,12,25692
1144522716,12,587732
1147594850,8,579960
1147673815,13,615892
1149706454,19,611936
1147298562,13,577348
1141522062,8,575704
1145521328,19,601284
1151648427,2,64220
1150497807,13,0
1145484495,13,581436
1148722254,13,75188
1141727271,8,574252
1151652378,9,20284
1147299064,13,590660
1149094164,21,582256
1140701983,8,569916
1147297577,8,571216
1152737443,12,598808
1149653964,13,600460
1146448567,19,587616
1145180337,13,581060
1148049655,13,74236
1152647465,12,1630716
1146446938,19,588356
1154357777,12,593064
1147350585,13,75240
1153728618,12,79308
1147790019,13,575128
1145180985,13,581440
1146450231,19,588276
1150473039,21,603500
1147965029,13,586324
1151740090,9,20300
1150735599,13,43908
1148877812,19,598260
1149509212,8,580232
1151649689,2,56148
1150556865,13,591784
1145255984,19,1133808
1140753516,8,575016
1151752765,12,25660
1149815814,13,317980
1149515644,13,599292
1147442479,13,61380
1147933824,8,586644
1154328619,12,611552
1151618775,12,60896
1145179006,13,580844
1145247382,19,1124928
1151735352,12,34940
1149860898,19,98840
1149959654,13,607544
1152780331,12,595584
1152084335,12,1587348
1142711874,9,577700
1149999767,8,585656
1149536957,13,598320
1151692401,12,95084
1151710980,9,56008
1146638428,19,1438860
1147342155,13,577864
1146222859,19,598112
1148959386,19,598884
1152448046,12,0
1153727986,2,67276
1151649276,9,58964
1149367975,19,624872
1151752359,12,79328
1150644749,8,61964
1151048750,8,584588
1147298101,13,582236
1146182858,13,61840
1145417452,13,580708
1147987262,19,613992
1149534381,13,594152
1145336581,19,604440
1146417680,19,588108
1145722697,8,574992
1147726401,13,601968
1151931122,9,581708
1153727393,12,90124
1151727518,12,25696
1149749930,19,98856
1136294464,6,57044
1152836940,12,597468
1149744336,19,614376
1151216945,13,1601992
1146638430,19,1443012
1151749486,12,25704
1149708446,19,614972
1149750980,13,1525432
1151723222,12,75500
1145887800,13,576960
1151743962,9,56004
1136286794,6,59632
1147404984,8,50804
1150479311,21,597836
1148904645,10,582268
1145511996,19,587132
1153730849,12,80232
1149655033,19,63904
1147953113,13,0
1148052559,13,598552
1140636533,7,570492
1154523052,12,1274604
1152995613,12,1572436
1139806105,8,567384
1148877688,19,598884
1137055545,0,2095924
1149649998,19,63860
1151742051,12,74788
1153724063,12,25696
1145517335,19,599560
1147985176,19,0
1158126154,4,1431132
1141416157,8,574352
1153741842,9,67304
1147389943,13,50612
1149134164,19,582224
1151302762,8,62124
1151266416,13,63560
1145394874,13,597200
1151424771,12,598612
1148858664,19,931360
1145298416,19,583160
1147459544,8,585284
1150474954,21,615028
1152171302,12,75104
1149508608,8,582672
1151656851,2,64244
1145542008,8,569944
1146445595,19,588072
1153725817,12,80196
1153740825,9,59024
1149452268,19,0
1145260784,19,601712
1146444648,19,588300
1144505475,12,579496
1147723092,13,586396
1149621211,8,583868
1147885843,13,1301116
1153754506,9,587764
1151791167,12,20748
1141721679,8,569264
1146415757,19,588344
1151262973,13,933376
1146444491,19,588048
1150793200,13,53596
1148129861,21,617212
1145875839,13,595540
1148233841,19,0
1151914041,12,71572
1139411490,1,43784
1145601025,19,600096
1153735357,9,20300
1151313771,13,593172
1152447749,12,0
1151609020,12,68900
1152145145,12,105520
1149955558,13,597928
1152628536,12,1553808
1145232612,19,584080
1139932409,8,583876
1146667902,13,81336
1151664804,12,74324
1150810616,13,55472
1139423344,8,568092
1152300064,12,1523160
1151745014,12,20692
1150974560,13,72728
1153066839,12,593316
1137579012,6,649240
1146426581,19,588120
1145511972,19,0
1147955007,13,585360
1145913120,13,571164
1149135051,13,287212
1151266928,8,85996
1149835913,13,0
1140910730,8,566604
1152009020,12,990764
1153808182,12,592176
1147715942,13,1548100
1151718097,12,25700
1150443066,21,614944
1145878346,13,585876
1147329019,8,61948
1139402457,8,552200
1144505457,9,569360
1151732080,12,25668
1145607577,19,584324
1141521461,8,572704
1151648426,9,20300
1151108202,13,600748
1151646539,9,20288
1145104605,8,572484
1151617768,12,74772
1145991441,13,571080
1151916028,2,0
1144505088,9,569640
1151659587,12,68896
1148658317,21,0
1149574906,13,580504
1145562436,19,585212
1151715115,12,68924
1145253248,19,600200
1146222861,19,598056
1151918806,2,0
1161323751,4,286476
1150849965,13,622448
1141535559,8,582884
1152031373,12,79268
1151759500,12,75248
1144598382,2,583268
1151651643,9,55972
1150446758,13,1099164
1146667120,13,76460
1152863349,12,597720
1150983859,13,590216
1145935546,13,597376
1151741256,12,79228
1136277003,6,57172
1148262142,13,81704
1152836942,12,596460
1139420398,8,552196
1149450802,13,608188
1149560261,10,599824
1149572096,19,614084
1146444491,19,588076
1151618078,12,74760
1144649602,2,574320
1136283517,6,59892
1151647710,2,20292
1151057055,13,71644
1151107542,13,76520
1151756048,12,25636
1152178727,12,100548
1146028830,13,583732
1151304995,13,72788
1151534774,12,600092
1151709840,9,63128
1151698296,12,25656
1152189824,2,20304
1151655723,12,25672
1151451420,2,580464
1153735357,9,67252
1148877859,19,598860
1142773058,9,571380
1139386909,8,551448
1149366550,19,613112
1145178592,13,571008
1153727379,12,70488
1146447787,19,588116
1145350408,10,587492
1146417140,19,588312
1148848498,19,598876
1152786993,12,592252
1152765031,12,592840
1149590664,13,591900
1139336519,8,559652
1151613481,12,68912
1151696307,2,16452
1149854130,13,592156
1151645763,12,25652
1149507242,13,590104
1149581780,21,616132
1151741255,12,79240
1149490405,13,629704
1145179074,8,585344
1151654050,2,20288
1149791968,19,615068
1152986848,12,634668
1148651180,19,604188
1149621213,8,594996
1154024822,12,1587672
1151266887,13,581480
1151401780,2,68032
1149796328,19,617232
1148640825,19,598808
1147372473,13,85292
1151656848,2,20264
1149671067,13,595292
1148549802,13,71608
1153732422,9,561176
1147724602,13,582432
1152447120,12,0
1140916579,8,569816
1140013874,8,571364
1153126544,12,1112172
1145507110,19,62248
1147269008,8,577720
1153806109,12,617928
1152033920,12,108104
1148645702,19,598176
1151434643,12,635716
1146419834,19,588252
1139336097,8,551948
1151266887,13,597168
1153187031,12,76888
1144505460,9,587060
1151405645,12,612324
1149885211,13,603740
1154571256,12,1657196
1151915068,2,68996
1151503342,12,603996
1146450249,19,588032
1141961034,8,572984
1149886649,13,602156
1150971508,13,596484
1142795035,9,554880
1151714644,12,20728
1150449030,13,594248
1147899894,13,20716
1150932080,13,0
1149320955,13,597564
1152180294,12,77592
1154028268,12,598260
1137049563,0,630708
1151735710,12,73856
1136287634,6,59600
1143740373,8,560208
1151711312,12,30624
1150969224,8,62980
1153186430,12,80588
1144505462,12,72832
1147448286,13,53820
1151309939,8,584892
1146576364,13,55988
1145627156,13,597604
1149203719,19,931044
1153808185,12,614736
1149849324,13,409420
1149132320,13,194384
1149885187,8,704432
1145888332,13,577652
1151723997,12,82540
1150925818,13,0
1153744691,9,62872
1146413304,19,588292
1149708426,19,617456
1139388777,8,552136
1147300901,13,582224
1148904639,10,586484
1146665943,8,571496
1145752892,19,1435556
1147673565,13,580784
1150493922,21,622500
1150441579,21,617272
1153108395,12,596984
1140987479,8,557708
1151625755,12,68912
1147429573,8,20292
1145247377,19,599744
1145105015,13,592796
1152689095,9,587168
1151612817,12,629972
1151699031,12,85156
1140554441,8,569816
1153175781,12,82084
1149850148,13,117236
1151791589,12,68896
1146412827,19,588228
1151049516,8,580924
1149121363,19,581516
1153724737,12,85184
1150799776,13,43896
1148658018,21,598756
1145247382,19,598920
1153726369,2,56508
1151056452,13,596968
1153754508,9,582624
1151730790,2,20280
1147681673,13,598392
1152142691,12,102780
1149662811,19,80216
1147348316,13,582096
1152345630,12,76652
1153741847,12,25692
1147352583,13,573224
1152169234,12,73868
1152737439,12,597324
1148051287,13,627568
1150441867,21,616456
1145559622,19,1387132
1148095644,21,81676
1151791576,12,25680
1145261298,19,599892
1150440003,21,598540
1147950653,13,77740
1151646842,12,25688
1151305390,13,75020
1151266369,13,75348
1151413328,2,592032
1148645700,19,598848
1140800434,7,0
1141724644,8,567224
1136871142,0,652812
1155106383,12,580292
1149673840,19,614024
1141020417,8,569288
1146638375,19,1417004
1147673826,13,598868
1152515739,12,0
1151616218,12,20748
1150607145,13,590464
1149744733,19,1042552
1150806498,13,53624
1153751538,12,25692
1152861758,12,597088
1151648379,12,79252
1149490520,19,613316
1146446591,19,588092
1150935210,13,0
1151915060,12,71788
1148032083,13,589696
1154589107,12,595588
1151647707,2,62912
1149744396,19,930936
1148085387,13,165136
1139783092,8,577576
1149135188,13,299964
1151622699,12,25676
1146419513,19,588072
1140644863,8,568500
1151815440,12,71644
1140554563,8,569568
1154582687,12,1621392
1152340634,12,86960
1136289069,6,57192
1153060068,12,596944
1147866464,13,1766048
1140079639,1,277248
1146582360,13,578740
1145904586,13,87140
1152788073,12,596732
1149659803,19,63840
1147680225,13,590348
1150868490,13,608496
1150042681,13,82544
1149624868,13,595420
1139986782,8,568076
1145875836,13,582872
1153816765,12,603324
1151939550,9,580592
1146006920,13,64844
1149554139,19,633732
1145883684,13,573548
1147725752,13,586044
1145332725,19,600948
1145913119,8,570440
1149089218,21,581680
1148096632,13,92592
1150064082,13,72224
1147726395,13,590752
1150928173,13,0
1149361131,19,613352
1152688745,12,593208
1151623008,12,79264
1149542288,13,594552
1145393978,13,586128
1151692398,12,74344
1149571063,19,618228
1147471016,13,589124
1148118032,21,617428
1147949586,13,0
1153229826,12,0
1149385518,19,613660
1152702220,12,25688
1145875465,13,578972
1151303951,13,72792
1151726010,12,25676
1148117672,21,616004
1151718865,12,25676
1151745912,12,25696
1151435128,12,25680
1147300905,13,578988
1147967099,13,111336
1149851036,13,0
1149505740,13,63064
1150797368,13,53644
1150488789,21,614328
1149650737,19,63852
1149320941,13,587200
1150116582,13,593304
1146415274,19,588312
1149064150,21,598152
1147973678,13,0
1150005062,8,585540
1152143045,12,89180
1153228321,12,595736
1152921979,12,610780
1150606781,13,596720
1148953678,19,598340
1148230445,19,616124
1149886409,8,582792
1152793333,12,592088
1150475729,21,623248
1151266961,13,1048944
1149654613,19,63872
1151742071,9,64152
1153727986,2,70572
1153224989,12,612188
1153191532,12,0
1152179500,12,25688
1145332375,19,601616
1151163602,13,1565240
1149669831,13,964100
1148651183,19,598228
1151303384,13,64716
1154096396,12,1640460
1151570030,12,601532
1146450655,19,588088
1145180528,8,569732
1149846936,13,0
1145876955,13,76752
1150927018,13,0
1151647707,2,20304
1150002922,8,0
1149842548,21,99444
1153732427,12,80324
1154026586,12,596028
1152567331,12,612896
1146639324,19,79088
1147456418,13,20256
1151708394,12,25684
1147761918,13,60392
1153899968,12,591260
1151694188,12,74424
1145330809,10,589220
1144599809,2,575016
1154511620,12,144620
1152343183,12,594488
1152446807,12,0
1150072122,13,72252
1151626104,12,25668
1151645342,12,25688
1153020425,12,598656
1146448949,19,588092
1153750392,9,67280
1145177320,13,573296
1145372088,19,585384
1148032090,13,584152
1139931266,8,569312
1144825744,2,287160
1145992409,13,581524
1148077362,13,20724
1147389972,13,597560
1146414533,19,588076
1151481418,2,20280
1145913119,8,569120
1136323820,6,937264
1150449928,13,72724
1151737640,12,36012
1153721167,2,20300
1151086809,8,583068
1151500909,12,25680
1150810620,13,53544
1150098528,13,72224
1151695295,12,68872
1148859353,19,598868
1151652370,9,64188
1146193741,19,597632
1141113501,8,0
1145884169,13,575912
1147621682,13,599956
1152733622,12,600788
1151719360,12,25668
1152106242,12,79288
1145372099,19,602036
1149570112,10,611164
1149090005,19,598828
1153899959,12,589296
1150557763,13,596364
1154421584,12,1389148
1151646239,2,20308
1147299043,13,573436
1140269783,8,298416
1153749999,9,71084
1153724754,12,80256
1147953116,13,0
1153812718,12,598000
1139174171,8,61684
1149134475,19,582316
1145874998,13,596684
1153722913,2,20280
1151712120,9,55980
1151659953,12,76560
1145723297,13,580400
1145483281,19,600884
1137053570,0,630848
1149506794,13,110908
1145218827,19,527356
1146821313,13,1204488
1147788883,13,623248
1151560056,9,583628
1150472555,21,593060
1153984950,12,1267736
1148405756,19,616260
1152702222,12,601380
1147299552,13,594724
1151106816,13,596576
1146427766,19,588080
1153224563,12,622816
1152146982,12,82604
1149652107,19,63848
1151623725,12,108004
1153228318,12,600728
1147961607,13,1165488
1153182200,12,82440
1152764728,12,595792
1144597948,12,583348
1147350587,13,64220
1151653667,12,25648
1148408830,13,583228
1147303146,8,570224
1139433445,8,552216
1145591953,19,601188
1136284715,6,59972
1154444443,12,1622344
1145332347,19,600184
1151755808,12,25692
1151309967,13,598752
1151697160,12,73880
1149848783,13,0
1151105912,13,592692
1148960176,19,598800
1146416352,19,588248
1151309969,13,605896
1151730437,12,79272
1147297592,13,574328
1140553241,8,571724
1147347942,13,585612
1151558763,9,583680
1147347952,13,581252
1151746322,12,85324
1154096816,12,1641844
1139388768,8,551652
1148084281,13,582268
1148621774,19,603464
1150872478,13,1313584
1153740832,12,69900
1150448358,19,613948
1146190805,13,72804
1151714337,12,25696
1147454523,13,55856
1152168453,12,75176
1146669070,8,68692
1151602803,9,583324
1148835687,19,598920
1145661915,19,1408300
1153730828,9,62900
1150794038,13,53592
1146038707,13,76680
1152697387,12,1763904
1153727993,12,69852
1154530905,12,111228
1147788765,13,583292
1147995237,19,620664
1153737970,9,59072
1137500880,6,972412
1151305378,13,72740
1149507227,8,582396
1151602140,9,64180
1149405458,19,616468
1150827211,13,615196
1136284176,6,57152
1153108400,12,592748
1149673478,19,614056
1150927141,13,0
1149324795,13,592448
1145883755,13,586324
1151309970,13,598620
1152446224,12,0
1151655707,9,62956
1148848240,19,598240
1145179305,13,580964
1147950120,8,69760
1152115771,12,654736
1148953685,19,1100732
1147454527,13,16440
1139964272,8,568816
1148022914,19,616756
1153012561,12,20736
1153729702,12,80244
1152342891,12,594872
1150967748,8,0
1136277000,6,66828
1149975286,13,592788
1146414533,19,588300
1152533510,12,1610408
1151750378,12,79216
1151654933,12,25676
1151944652,12,594756
1149532486,13,601376
1151939195,12,601720
1151641520,12,25656
1147677152,13,583876
1145178593,13,578336
1152008596,12,593768
1152996210,12,593848
1144421165,2,571544
1146423239,19,588304
1145332337,19,597848
1153812712,12,598400
1151656489,9,594308
1150985007,13,600904
1147899896,13,20728
1147498344,8,580212
1146412652,19,588064
1161252639,15,288560
1149552773,13,595236
1154025365,12,592380
1151712149,12,25668
1152300061,12,1585392
1150794460,8,43880
1149410990,19,615580
1151560059,9,590868
1145592690,19,605192
1150969228,13,62020
1145541969,13,595508
1148547285,19,626396
1149507211,13,597276
1149366083,19,621584
1139348018,7,555044
1151410684,2,579964
1151543958,12,1566784
1151654410,9,20292
1150442589,21,606756
1147953778,13,585276
1145247894,19,600216
1150091443,13,74488
1148062661,13,74768
1151108171,8,602436
1136277297,6,57136
1153731376,12,72188
1150096783,13,75836
1153724057,2,20320
1151568947,12,594468
1150943865,13,0
1146222859,19,597676
1150107504,8,580996
1151653202,2,20300
1153224994,12,0
1150446762,13,586652
1145511326,19,609280
1146207150,19,613460
1151747686,12,85200
1148029909,13,90144
1140981219,8,568944
1139415127,8,559844
1153754507,12,598752
1149330949,13,82980
1148657983,21,598868
1148079929,13,69380
1152780694,12,594052
1151755332,12,79248
1147965788,13,581752
1148057706,13,100468
1151742073,9,20304
1149488716,19,613992
1146416665,19,588272
1151431846,12,79232
1152182771,12,598176
1153984528,12,76584
1151652836,12,79292
1152299098,12,1587252
1151657329,9,16416
1153730849,12,80196
1141082881,8,60596
1148225869,19,622508
1152572079,12,87828
1136298216,6,59852
1148112298,13,591072
1145336917,19,0
1152182759,12,596112
1152454764,12,0
1151701254,12,25680
1146189662,13,72564
1147853172,13,102000
1145983999,13,584336
1151650835,12,79340
1152697866,12,112264
1152340331,12,111200
1153726368,2,59032
1149621192,13,614464
1146182116,8,64868
1153900550,9,580532
1144505089,9,569784
1147302277,13,606904
1151075095,13,596820
1151654083,12,79220
1151692749,12,64640
1151265948,13,77768
1147441685,13,53836
1154551729,12,595168
1153111164,12,599804
1146419512,19,588096
1146010820,13,581256
1153747495,12,25648
1136276773,6,57172
1145178350,13,583456
1152881019,12,611176
1150823338,13,72588
1149571720,19,613684
1145908702,13,82104
1146010793,13,64784
1151713169,12,94140
1145105028,8,572116
1152179939,12,25692
1151755811,12,25676
1148904630,10,582256
1148683627,19,598964
1151503770,12,601652
1145875468,13,575936
1149581421,13,595300
1147450171,13,572140
1139402032,8,552192
1148683249,19,598156
1151734605,12,25660
1149394992,19,617208
1144281395,8,57188
1151932349,12,0
1149845249,21,616312
1151710657,12,68864
1153737929,12,80260
1152143640,12,25676
1153721777,2,67256
1147952891,13,0
1149509193,13,588404
1148338544,21,1358800
1147673173,13,595512
1149426087,13,599636
1150558479,13,655440
1148904642,10,582444
1140601807,8,598168
1154420458,12,1595228
1147987643,19,615316
1153012142,12,591012
1142718288,9,569672
1149388267,19,612676
1151644989,12,79340
1146444673,19,588132
1146178346,13,622032
1150816808,13,61932
1151265396,13,61920
1153748511,12,80268
1150803167,13,53536
1152577159,12,106244
1149576798,13,580580
1151697525,12,84764
1148960162,19,598840
1151077591,13,112512
1145949742,13,68904
1148065582,13,582216
1151649692,9,20256
1151303384,13,72792
1151624149,12,68948
1152179927,12,76696
1146423254,19,588112
1145516370,19,586772
1151652367,2,20296
1149125337,13,1344592
1149658278,19,63844
1151649273,12,25684
1140829830,8,577996
1150531721,21,632072
1147701906,13,592404
1151313774,13,617812
1139885209,8,572640
1153731375,12,25700
1147430116,13,20292
1150440009,21,619632
1149484412,19,633768
1149587615,19,614020
1139336281,8,57788
1144598385,9,578936
1151314762,13,612756
1149515665,13,608836
1145177304,13,580240
1153736365,12,74812
1152568322,12,0
1149773556,13,1615844
1147373189,13,580800
1151857451,12,72976
1153750006,9,20296
1152741418,12,598812
1139347237,7,555064
1153727377,2,1742080
1149708821,19,623472
1147673832,13,597512
1154566365,12,154324
1151644612,12,25652
1146447560,19,588300
1148885018,19,874248
1148859359,19,598920
1140008706,8,568504
1141022113,8,574696
1152299407,12,1582932
1149621200,8,580228
1151857459,12,72732
1151415879,12,71624
1149520633,13,122196
1139393106,7,555772
1147959595,13,596584
1151730431,12,79284
1146203471,19,599612
1153747488,12,25708
1154590121,2,1583220
1151580985,12,25676
1136276517,6,954628
1153737324,12,80288
1151651646,2,64124
1151701969,12,25668
1148223056,13,596488
1152570738,12,0
1148241623,13,593652
1153186430,12,76556
1136324834,6,966348
1152741959,12,599308
1151791891,2,16420
1151938233,12,86424
1149121364,19,598932
1151701248,12,79304
1140124709,8,573940
1151746788,12,79248
1139387766,7,555396
1139389727,8,559848
1153730841,12,85176
1153750825,12,74836
1150121973,19,623192
1147473777,13,580312
1150606028,8,586796
1146417685,19,588084
1140731222,8,574408
1152995615,12,1528332
1139426364,8,552188
1151627479,12,85208
1150927019,13,0
1152036967,12,599172
1150039697,13,625092
1153233573,12,0
1152182285,12,604056
1153725830,12,80304
1149556762,19,614008
1153813847,12,600844
1153229100,12,0
1151791585,2,16420
1137052665,0,630744
1150469517,21,595800
1146283375,19,596540
1147318297,13,581504
1145876471,13,573776
1150096373,13,72272
1150969231,13,62596
1145304078,19,629808
1139419656,8,559696
1149515634,13,594016
1151613114,12,599764
1152843364,12,608700
1148621729,19,598280
1152754792,2,586584
1151442337,12,598532
1148552763,19,619560
1152986844,12,596864
1151628924,12,85176
1151626091,12,74464
1147353279,8,569540
1153737925,12,80248
1151649286,12,25652
1151648863,9,59920
1146448268,19,588308
1149515237,19,601588
1145904499,13,65692
1151750796,12,25616
1151492684,12,1557480
1151730438,12,75380
1151753131,12,20748
1149606939,8,583584
1149765252,19,930828
1153721183,12,80260
1153816287,12,638372
1149397337,13,601124
1148658320,21,0
1136323823,6,934340
1153751538,12,25700
1144505932,9,576820
1153807769,12,611208
1139986782,8,570624
1149941545,8,581780
1145332364,19,609356
1145898261,13,71776
1146447547,19,588328
1147300903,13,580356
1152026213,12,100064
1148013507,19,615252
1146019442,13,586984
1152726588,2,583296
1140800633,7,0
1152026207,12,74620
1151516543,9,1536400
1149662811,19,63788
1151720203,12,68912
1151646837,9,56028
1153229099,12,0
1152145147,12,25684
1153813856,12,602048
1151730436,12,79268
1150849978,13,599744
1151712872,12,85632
1146449879,19,588156
1152788073,12,618684
1151726017,12,25648
1153735364,12,25676
1147297572,8,570356
1153749532,12,84128
1139418875,8,555872
1146667893,13,73580
1148047835,13,25668
1153747488,12,25676
1153915681,12,595716
1155106368,2,578488
1145337522,19,0
1151730016,12,25672
1151652362,2,20292
1151711315,12,84484
1149821957,21,614548
1152034711,12,1155224
1147788762,13,582940
1149885213,13,597588
1152686673,12,638552
1151313224,13,594080
1151650826,2,53000
1144598929,9,570084
1151652821,12,79268
1146006908,13,581112
1154419611,12,62284
1153063808,12,598632
1152635249,12,1771188
1149395092,13,673760
1150937675,13,0
1145592665,19,586144
1147788887,13,572240
1141113951,8,572328
1151657326,2,584560
1146445263,19,588048
1151505848,12,594444
1147498884,8,581968
1152090601,12,600792
1151700888,12,25692
1147297566,8,571052
1151754680,12,66424
1152345978,12,71728
1151914040,2,64652
1150478823,21,0
1153744703,12,69860
1149909100,13,1611104
1146446892,19,588288
1149703055,13,596848
1149943707,8,589480
1149390084,19,616500
1146668643,8,571088
1145374617,10,593052
1150478165,21,599572
1154025999,12,600688
