Used Memory,OrigSiteID,AverageCPUTimeUsed,RunTime
598336,2,5816,6044
613880,2,21985,22265
601056,2,27563,27839
61964,1,30,1849
79336,2,8,53
291988,2,8476,20274
71996,2,8,959
582384,0,6397,6506
1559108,2,31430,65840
595412,0,6584,6640
595252,2,36697,36999
74972,2,18,1853
558816,1,1679,2190
1579072,2,27769,29917
580844,2,25412,26830
599668,2,43242,44343
588072,2,1175,1503
288848,0,586,1044
81660,2,19,5315
583388,2,20340,21951
0,2,1,2
602312,2,42127,43212
64244,1,9,56
583408,2,26474,28145
589832,2,172867,173430
628936,1,27115,27552
600376,0,49955,51085
74832,2,8,54
596076,2,43273,43743
20296,1,9,72
566944,1,24974,25601
598832,2,5822,6026
0,1,0,1
20264,1,9,58
59920,1,8,1851
0,2,1,2
566920,1,18684,19878
0,2,1,2
75492,2,11,432
603036,2,44569,45197
597912,2,49757,50180
596852,2,38561,40470
584720,0,63603,63923
592440,2,38196,38716
596776,2,44097,51155
596672,2,43839,44403
79292,2,8,66
582288,1,6954,7051
574016,1,36426,37670
110464,2,27,322
588116,2,1272,1698
0,2,0,1
25644,2,8,54
582232,0,36612,37086
57196,1,9,1850
25668,2,8,61
610112,2,6998,7096
1549188,2,32214,36349
613492,2,21377,21696
621592,2,22928,23191
74412,2,8,95
599460,2,172914,173353
25648,2,9,56
0,1,0,1
601360,2,31997,32544
25676,2,7,56
571392,1,18239,20166
597920,2,34716,35039
69296,2,8,52
61580,1,53,5537
72208,2,8,169
1152612,2,16007,21055
573104,1,43163,45648
628572,2,41369,42268
586332,1,47538,48019
602120,2,41097,41507
579628,0,42049,43090
63872,2,4,195
85908,2,9,69
552192,1,6860,7476
81672,2,4,5600
20292,1,9,60
582048,2,21458,22918
79272,2,8,60
25660,2,8,68
76704,2,16,3677
60332,1,9,92
610780,2,42181,42518
580848,2,18553,19635
569604,0,28770,33145
608820,2,40065,41269
581948,1,44052,48908
585284,1,51534,52884
591840,2,36112,36529
61812,2,8,81
597016,2,35799,36116
74692,2,8,86
596864,2,30808,31702
90524,2,11,108
618228,2,22548,22989
115040,2,36,5563
55300,1,9,61
101268,2,23,2111
25680,2,9,52
588112,2,1214,1543
579924,2,15867,16528
569584,1,27057,27576
1651024,2,33684,45371
25684,2,8,62
65060,1,10,1853
588460,0,65845,66269
583584,1,32080,32694
554960,1,2572,3362
1601400,2,26939,34406
61852,0,19,1853
57240,1,8,1854
0,2,1,2
25664,2,8,70
588304,2,1245,1514
588300,2,1159,1656
623776,2,22602,22878
591716,2,172824,174904
582884,1,26813,27953
85244,2,8,86
630684,0,1436,1721
79340,2,10,187
567736,1,31608,32351
616132,2,34953,35150
0,2,1,2
571748,0,21429,22374
71104,1,9,76
578684,0,25909,27767
599900,2,28834,29544
592348,2,41401,41777
59848,1,8,1850
1595228,2,31823,36278
291696,2,8399,26483
588300,2,1218,1509
73692,1,36,5377
588104,2,1203,1718
75284,2,8,61
601536,2,33805,34398
71216,0,58,9083
591720,2,30917,31413
584972,1,51204,52559
573124,0,27934,32879
79200,2,9,61
570892,1,66049,66994
582892,2,27552,28371
55492,2,2,5
584428,0,50270,52752
109940,2,38,174
25668,2,9,57
583220,2,17176,18050
630572,2,38724,39214
16424,1,9,100
57160,1,10,1851
569296,1,51987,52849
598440,2,5585,5836
0,0,0,18118
596792,2,40877,42292
597964,2,56014,56494
76856,2,9,962
581812,1,38844,39261
25700,2,8,69
84732,2,40,168
582200,0,6690,6810
72244,2,8,166
601868,2,31595,32317
68484,0,14,186
81712,2,4,5601
579696,1,33965,35082
594944,2,31523,32278
79312,2,8,67
609136,2,46037,49885
584700,2,23672,27312
61412,2,9,60
25684,2,9,71
20288,1,9,45
596648,2,40847,42142
592984,2,32517,33314
61592,1,45,1084
85252,2,7,88
57748,1,9,1242
573776,0,28626,31297
595432,2,35450,36002
20736,2,9,82
81676,2,22,4071
0,2,1,2
25676,2,7,60
601992,2,51083,51551
25688,2,8,63
0,2,0,2
588012,2,1154,1378
597752,0,27888,28209
584148,1,63292,63798
25652,2,8,68
25688,2,7,59
0,0,3,4
0,2,3,6
661100,0,51448,52552
1050188,2,16215,18462
1640764,2,33631,38995
589156,2,1324,2019
85176,2,8,71
588980,0,46006,46866
592272,2,16356,16964
597440,1,24554,24942
64220,1,10,62
597048,2,33978,34326
587196,0,64375,64707
654352,1,76962,78036
74348,2,8,81
581192,2,16203,16835
0,2,0,2
598336,1,40396,43009
67316,1,9,254
1350484,2,24960,37654
1560872,2,25602,28263
74632,2,21,3682
551964,1,1475,2097
25668,2,9,56
512864,0,1353,1641
573120,1,32406,36001
568580,1,28264,37276
0,2,3,14
1413780,2,27622,30400
67348,0,9,129
581316,1,48253,49928
603488,2,38941,39384
101776,2,20,1392
581680,0,6499,6611
586184,0,58763,59089
0,2,1,2
659704,0,49019,50234
79244,2,8,64
25700,2,9,71
585008,0,34754,35642
53588,2,3,3606
617264,2,26252,26486
582292,2,25364,27381
576820,1,27337,28355
64204,0,9,72
1395820,2,30551,32679
584336,1,50457,51059
582392,2,22794,23639
593872,1,29547,30268
594784,2,32083,33103
673760,2,41754,43712
591248,0,47730,50145
653064,2,28027,28494
71632,2,9,959
0,2,1,2
59856,1,8,1851
25728,2,8,59
0,2,1,2
571800,1,30139,30603
72836,2,24,2419
599540,2,57268,57734
77756,2,28,2421
598812,2,39712,41390
568076,1,25247,25834
609356,2,50055,50628
103812,2,13,935
82560,2,15,2025
602924,2,47570,47956
552144,1,2609,4403
67244,0,9,244
599096,2,6023,6263
608900,2,34338,35154
62680,1,9,1852
604872,2,41968,42318
593668,2,30628,31203
953408,2,1937,7081
581448,2,24901,26045
578648,1,27286,28025
64208,0,8,61
597560,2,25073,25346
100160,2,22,496
593500,2,30879,31182
0,2,1,2
572576,1,21949,22928
0,2,1,2
614584,2,23953,24196
43908,0,3,3607
59928,1,8,1851
588812,2,1164,1391
1348416,2,25754,28172
597528,2,39613,39945
596564,2,22906,23968
616756,2,32383,33223
559192,1,7327,7955
556020,1,1459,1773
598740,2,40114,41179
68896,2,9,69
613036,2,19935,20121
52072,1,9,63
551124,1,1789,2435
64224,0,8,58
25668,2,8,59
649704,1,50368,51739
586896,0,65177,65571
287164,0,732,2276
570136,0,26831,28519
76560,2,9,1850
615060,2,23831,24049
620272,2,28184,28623
75628,2,19,1854
615036,2,23497,23741
610288,2,79085,80086
1164540,2,172928,174089
0,2,1,2
1597976,2,32009,48809
62080,0,26,2423
0,2,1,1
602032,2,44246,44813
86492,2,25,3784
0,2,1,1
600840,2,55811,56223
0,2,1,2
72732,2,30,1851
599100,2,38482,40565
99592,2,24,548
600300,2,42462,43855
588088,2,1231,1490
110780,2,38,170
43876,0,4,3607
79232,2,8,65
60924,1,9,1853
579964,0,36713,36904
568748,1,31907,36023
53624,2,3,3606
593812,2,31962,32696
74316,2,8,261
597624,2,33279,33568
583564,0,26801,29582
951676,0,4481,6011
599748,0,66499,66826
0,1,1,1
62896,0,9,241
572704,1,30132,30986
670608,2,19003,19464
599068,2,48373,48804
0,2,1,2
1574512,2,31342,35900
74852,2,11,110
613644,2,35958,36207
614964,2,34729,34968
25656,2,8,68
62076,0,32,1853
573476,1,25622,26191
581480,2,14490,15331
616592,2,36533,36929
1593096,2,31979,36159
572104,0,28384,35104
591376,2,19408,20513
76516,2,11,2220
77300,0,10,1879
80244,2,7,439
576616,1,30220,31762
79240,2,8,74
1442296,2,22006,23643
581800,2,24006,25453
584224,2,24788,28650
1180480,2,21039,34869
71688,0,9,88
578300,1,23040,24179
67004,2,8,74
600180,2,41737,43721
579960,0,49219,51774
569776,1,27266,28892
20328,0,9,55
53600,2,3,3606
20276,1,9,57
61060,1,10,1850
0,1,0,1
0,2,1,2
595808,2,36010,36268
618140,2,32732,33310
101280,2,35,4919
82364,2,17,6184
43936,1,4,3608
598892,2,5898,6136
599452,2,39623,41779
596548,2,33166,33686
81720,2,4,5602
20744,2,10,80
0,2,0,2
316932,2,1364,2475
597276,2,35256,35798
597604,2,22107,23260
61024,0,9,1853
25660,2,8,53
76568,2,24,213
588132,2,1168,1540
0,0,0,19401
591380,2,25665,28698
25648,2,8,67
553156,1,2610,3300
64856,0,15,1293
588040,2,1162,1468
605964,2,38691,39312
25656,2,8,55
608092,2,3958,4012
580268,0,30914,31720
592392,2,22962,24734
588280,2,1233,1654
630948,0,1434,1736
613316,2,23078,23544
608928,2,22894,24003
598104,2,40599,44425
610404,2,51328,52442
72716,2,26,2416
584092,1,79944,80019
568036,1,33420,46200
598792,2,55602,56034
579296,1,88466,89187
599256,2,5832,6056
71760,2,9,66
61020,0,9,1853
598972,2,5985,6242
105508,2,36,5987
588292,2,1167,1664
0,2,0,15910
63872,2,4,197
25684,2,9,70
72216,2,8,169
25696,2,9,57
64176,1,9,76
597620,2,41344,42548
594584,0,61556,61960
609816,0,46057,47162
611504,2,6059,6119
80264,2,10,445
68912,2,7,72
581956,1,51316,55277
20288,1,9,68
82944,2,9,876
25628,2,7,47
502000,2,104,1180
616580,2,19472,19966
61900,0,18,1851
582620,1,41944,44100
590324,2,1263,1699
0,0,1,1
20304,0,8,57
25652,2,8,49
591824,2,41438,42385
577240,0,23783,25454
25644,2,9,56
597936,2,43996,47046
599052,2,5686,5888
79276,2,8,52
0,2,1,2
62968,1,8,96
583572,0,26532,27361
1587312,2,26510,28879
602988,2,35229,35980
615564,2,22115,22364
965428,1,263,810
579936,2,15871,17509
566164,0,24520,25739
593656,2,38996,39437
67268,0,9,444
598660,2,41349,43891
581432,2,18067,19600
20304,0,9,53
588296,2,1174,1426
584276,2,17406,18755
596020,2,22916,25372
25648,2,8,62
74864,2,8,77
76504,2,9,967
617752,2,34894,35134
588052,2,1206,1554
601168,2,32938,33812
25664,2,8,59
43740,1,3,3606
0,2,1,2
595832,2,39144,39651
906392,2,1039,5239
79220,2,8,69
615400,2,23039,23242
300732,0,12591,12669
598956,2,5883,6111
1401400,2,27404,29748
599364,0,49201,50484
593024,2,30376,30815
597112,2,38555,39061
80520,2,30,7342
0,2,1,2
595200,2,32255,32916
25640,2,8,53
1564500,2,31808,35281
551556,1,7167,7790
64252,0,10,57
597000,2,40989,43096
633324,2,33581,33807
594144,2,34467,34992
588344,2,1233,1720
559168,1,1498,2108
598880,2,5902,6137
110776,2,40,168
25704,2,9,68
599036,2,5862,6087
930896,2,16346,18904
588120,2,1158,1597
597988,2,29662,30516
594884,2,41512,41829
79260,2,9,58
580432,2,21073,28730
616080,2,22304,22749
85172,2,8,247
0,2,1,2
61940,1,29,1852
582208,0,6919,7040
595612,2,37961,40013
597584,1,68766,69088
1188560,2,21259,31952
1443012,0,35193,90267
53592,2,3,3606
63452,1,34,1851
596988,2,41684,42174
597744,2,42930,43357
59808,1,8,1851
82092,1,113,25076
589528,2,28092,29071
566004,1,3033,3790
20288,1,9,62
20308,1,9,52
61404,2,9,71
0,2,0,7430
567556,1,29551,40061
583696,0,39258,39473
20288,0,9,62
559320,1,1480,2082
602436,1,45535,46572
63884,2,7,57
581352,2,16974,17621
173964,2,45,1276
570312,0,18695,19343
16432,1,8,75
588316,2,172894,173260
600756,2,44453,45976
614948,2,40490,40893
552536,1,1463,2088
69840,2,9,246
615484,2,20275,20686
1147728,2,36019,36245
60916,1,9,1853
588408,2,1248,1560
600076,2,38613,40501
570516,1,32313,33325
25656,2,9,52
71520,2,8,56
583748,0,48338,49546
25656,2,9,50
635260,2,49138,49771
603772,2,33210,33515
1388940,2,22530,30534
595196,2,31375,31875
614676,2,18849,19289
57040,1,9,1850
71064,1,21,3887
63496,0,31,2420
61976,1,31,1851
551700,1,1459,2075
551960,1,1469,3519
588064,2,1270,1616
71432,2,9,1853
576816,1,33116,37047
59664,1,9,1855
144988,2,42,1220
590136,2,1271,1723
60928,0,10,1853
588088,2,1181,1477
630636,0,2113,2423
1388752,2,28268,30523
76548,2,9,1850
602928,2,43576,44689
85228,2,8,73
555392,1,2659,3429
300400,0,12460,12528
615012,2,34218,34631
606428,2,39497,39846
75348,2,27,1853
595288,1,45122,47859
112264,2,50,1827
591084,2,36789,38019
593232,2,34665,35313
597056,2,40659,41000
559892,1,1535,2350
80228,2,8,428
910844,2,1048,5810
79296,2,8,57
588104,2,1375,1634
61828,0,32,1857
63824,2,3,190
25692,2,8,53
612064,2,40779,41188
617272,2,26925,27210
537476,2,1138,1348
596388,2,30674,31426
616484,2,23130,23577
618080,2,35984,36193
71528,2,9,1850
82004,2,9,656
0,2,1,2
588148,2,1229,1507
588276,2,1161,1394
62928,1,9,89
662860,2,51851,52374
588636,2,17247,18357
285740,2,8540,20198
595964,2,33808,34875
584464,2,22336,25044
90336,1,38,39153
584284,0,52136,53229
584852,0,47233,49977
1562784,2,31544,34905
57612,1,49,75
90404,2,16,124
581256,2,15818,16455
599976,2,43980,44329
569724,1,23691,24690
72724,2,17,1851
571164,1,33100,34213
580716,1,47886,48752
630416,0,1493,1852
580684,1,29834,31349
0,2,0,2
597752,1,50375,51472
599048,2,38405,39464
0,2,0,1
79272,2,7,78
582916,2,16640,18587
599636,2,28442,28693
1417632,2,27801,30458
594100,2,26299,27747
20752,2,9,81
615012,2,35059,37197
596924,2,37203,38066
20284,0,9,66
577848,0,28010,28690
80236,2,8,430
599076,2,31626,32144
85292,2,7,69
1757044,2,29253,32904
0,2,0,1
598200,2,41725,42304
581120,2,14336,15614
25692,2,8,75
99068,2,24,191
641152,2,30521,31226
582016,2,17300,18381
25664,2,8,62
579876,1,39941,41357
588276,2,1170,1427
613612,2,19973,20165
600264,2,25755,25982
572512,1,20317,20957
568556,1,25725,26973
20724,2,8,95
588116,2,1226,1413
583300,2,21743,23566
2098316,1,2341,3980
567384,1,21654,22510
579404,1,48375,49165
593484,2,23662,25217
597864,2,32605,33291
581764,1,24168,24882
1550684,2,31313,37398
598256,2,42988,43423
605392,2,36617,37108
25664,2,8,51
599036,2,5776,6081
76632,2,17,1851
551956,1,1460,2091
602956,2,34376,35142
60996,0,11,1853
569788,1,25218,26190
598028,2,43188,44837
25684,2,8,50
593716,2,32514,32792
618176,2,36475,40506
1092340,2,1566,1632
601432,2,31346,31873
77680,2,24,1852
582136,2,18258,22580
79192,2,9,88
81728,2,4,5603
935208,1,176,443
628616,2,18505,19227
25660,2,9,65
689292,2,41783,42338
616016,2,46057,46512
575536,0,28759,31280
0,0,1,2
594632,2,33304,33874
68856,2,9,72
587324,2,25686,28343
1540932,0,39589,47173
76768,2,9,964
588252,2,1173,2200
81680,2,24,6157
633736,2,36673,37434
1206908,2,14000,16971
72712,2,27,1847
600060,2,42337,43356
71736,2,8,953
613100,2,14784,14866
583512,2,25245,26893
608800,1,25989,26192
588076,2,1164,1421
589576,0,64184,64671
74820,2,8,83
556196,1,11316,11606
598476,2,34124,34437
64700,1,9,1854
569752,1,27312,27935
0,0,3,4
587544,1,48980,52437
615512,2,20442,20883
624704,2,37554,37855
79332,2,11,115
568676,1,29901,30747
598240,2,6080,6285
584292,0,66852,67164
61876,0,29,1853
597608,2,38907,39206
582264,0,7545,7634
60968,1,10,976
632752,2,17070,17496
583092,1,39704,41243
592420,1,45357,46435
588360,2,1241,1469
552428,1,81478,83292
609936,2,39736,40286
79300,2,8,58
1551020,2,31293,34307
616312,2,23507,23955
83180,2,8,68
1383944,2,22518,33904
582576,0,48084,50747
89168,2,15,183
81984,2,9,1245
552180,1,1522,2215
1574464,2,31754,34851
599920,2,18733,19599
588096,2,1164,1392
133108,2,40,166
580176,2,14909,16457
618116,2,22731,23171
595468,2,37742,38185
602724,2,40921,42198
59480,0,9,63
581504,1,49331,50466
20736,2,8,77
599124,2,33363,33685
0,2,1,2
588252,2,1169,1662
71212,0,9,88
57100,1,8,1850
593728,2,31975,32860
611312,2,31353,31588
588052,2,1216,1531
569936,1,31651,37761
55980,0,10,99
79196,2,8,79
586328,2,16860,17521
25664,2,8,64
630644,0,543,16499
1195800,0,26658,38678
599096,2,5982,6177
600036,2,49560,50007
592596,1,53078,53864
595492,2,29662,30618
601960,0,37466,39046
0,2,1,2
614148,2,23195,23430
582404,0,47096,48566
1415368,0,34721,51716
63848,2,4,195
615292,2,34659,35090
577588,0,28203,29297
0,2,1,2
598676,2,27622,27900
25672,2,9,73
76808,2,11,955
598208,2,5927,6135
56300,1,4,194
0,1,0,3220
599768,2,43322,43918
597880,2,44197,46148
595144,2,172908,173552
597584,2,32010,32436
558632,1,6688,7311
580744,2,21140,23755
72908,2,8,1848
569444,0,22621,23273
20292,0,9,65
571676,1,25726,26402
1091828,2,268,320
69908,1,14,2818
63900,2,4,190
607624,2,41254,42401
588092,2,1275,1540
588300,2,1255,1690
0,2,1,2
579812,2,13003,13820
568352,1,22652,23471
69916,2,8,243
616080,2,22975,23488
63860,2,3,189
25652,2,9,52
627100,0,61025,61487
61004,1,9,1853
569616,1,22233,22936
616088,2,19882,20111
571632,1,24858,26134
69968,1,15,2790
655440,2,46278,49028
141536,2,28,825
604192,2,5601,5906
79232,2,7,52
594352,0,37832,38620
1745808,0,43797,55995
76584,2,13,3359
597204,2,35587,36448
645568,0,50067,51069
601188,2,54096,54525
592716,1,62072,62587
20708,2,8,87
61796,1,11,194
0,2,1,2
68932,2,7,66
551976,1,1483,2138
66536,2,10,65
587064,0,65455,65780
581192,1,39658,40228
595204,2,31350,32410
74624,2,8,74
595240,2,38082,38378
83212,2,15,1528
20292,1,9,67
79264,2,8,49
591540,1,51116,52233
0,2,0,2
76704,2,13,1852
580712,1,44322,46993
596396,2,37167,39094
604128,2,5906,6139
43864,1,3,3607
77596,0,10,1890
588240,2,1221,1486
0,1,1,1
79340,2,9,62
1341956,2,24354,36333
596304,2,30978,31274
624908,2,24908,25166
25664,2,8,74
606544,2,4803,5011
79288,2,9,63
25652,2,8,51
85196,2,9,64
598752,2,45314,45854
588036,2,1158,1799
599564,2,23949,25614
554980,1,2581,3365
594840,2,35056,35707
1611168,2,21912,25677
69436,2,8,61
25684,2,8,50
25696,2,8,61
78208,0,13,1895
76684,2,16,3685
595752,2,39617,41723
25672,2,9,54
82716,2,22,4979
25672,2,8,65
1173028,2,20454,33516
1758848,2,12109,14821
577576,0,24882,30371
79256,2,9,61
552084,1,12195,12654
20268,1,9,61
588048,2,1215,1511
79308,2,9,71
1571988,2,31647,37974
568992,1,26838,27333
594812,2,32479,32934
63888,2,4,197
598224,2,5867,6082
95112,2,35,5562
588264,2,1214,1447
592264,2,42375,43886
570444,1,24863,25726
616124,2,34223,34449
1640188,2,28970,33071
80236,2,7,265
87696,2,28,4504
587996,2,1172,1675
599016,0,29111,29573
62924,0,8,53
605832,2,41160,44985
0,2,0,2
1774132,2,29506,32977
585504,1,51864,53050
596688,2,39039,40124
0,2,0,2
584036,1,45763,46842
79292,2,10,177
75036,2,12,950
53544,2,3,3607
25668,2,9,61
79232,2,8,68
59896,1,8,1850
0,2,3,6
1397692,2,27818,30002
71552,0,8,99
1570388,2,31545,34875
62000,1,13,1849
76860,2,14,3678
75356,2,9,1852
597356,2,38635,41081
57376,1,9,78
582284,2,19827,20920
20300,1,9,60
25664,2,8,72
581924,2,23199,24285
614940,2,40251,40969
25652,2,8,69
593132,2,17891,19209
76004,2,11,1849
0,1,1,1
1557692,2,32009,36523
76736,2,9,1847
593868,2,32922,33671
20732,2,9,90
580268,2,19870,20584
580880,1,32625,34937
616100,2,21543,22018
580772,1,26901,27588
0,0,3,4
20720,2,9,76
1557916,2,31464,35873
117792,2,42,602
30640,2,10,91
80248,2,7,434
25672,2,9,73
74784,2,10,1852
588124,2,1204,1408
581452,0,45549,46727
1185820,2,21085,28738
581784,1,51046,51857
600076,2,39689,40845
582812,2,16568,19162
64196,1,9,76
60764,1,8,1852
25696,2,8,50
599260,2,40825,41131
60812,0,9,1851
85592,2,8,77
1190928,0,26931,43829
599008,2,36705,37519
596912,2,38434,39475
53624,2,3,3607
63444,1,9,1853
588116,2,1155,1593
595764,2,24567,29130
64264,1,10,53
615544,2,32700,33205
578236,1,28239,29349
618132,2,19603,20076
596764,2,30438,31185
600124,2,172913,173436
573228,1,23412,25837
551940,1,1437,2314
589732,0,46095,46693
74812,2,8,266
596252,2,43997,45011
110856,2,40,162
655968,2,43808,50861
594784,2,33388,33727
1577744,2,31762,36249
569976,1,30380,31268
71752,2,7,956
598860,2,5933,6278
588020,2,1209,1567
0,2,1,2
53556,2,3,3607
1325980,2,15227,19596
80248,2,8,444
74900,2,9,240
67196,1,9,247
53532,2,3,3608
591792,2,40524,40910
573100,0,23953,27392
0,1,1,2
931184,2,16461,18907
619280,2,24106,24355
596088,2,37260,43109
572308,0,30777,32175
108956,2,22,156
80284,2,8,434
25628,2,8,61
582200,2,22165,23120
0,2,0,2
141892,2,43,2103
25708,2,8,65
20308,1,11,72
11596,1,52,86
80236,2,8,439
0,1,0,168752
86460,2,18,1283
603188,2,52906,53344
2097248,1,2314,3310
592072,2,40184,40599
0,2,3,10
82056,2,10,833
70632,2,3,15
595760,2,40309,41866
551156,1,1774,2386
1215240,2,20982,26944
594436,2,35621,36370
599264,2,5512,5769
588072,2,1224,1669
594556,2,35366,35903
582516,1,41988,42751
59924,1,8,1853
25712,2,9,62
588108,2,1175,1690
80224,2,9,430
79356,2,8,65
68868,2,8,47
637692,2,33456,33805
69732,1,24,3194
1343224,2,25654,28190
79812,2,14,2672
585240,1,62067,62387
85404,2,14,173
68888,2,9,68
581040,0,39375,41877
74980,2,20,1853
588020,2,1169,1475
69860,2,8,241
110528,2,46,6211
570860,0,28726,33209
1582536,2,32209,35490
94604,2,11,372
589748,2,18899,19709
102812,2,19,250
596728,2,24994,25844
85160,2,9,66
61460,2,9,73
53568,2,3,3606
82860,2,39,348
620352,2,22579,22801
595072,2,35700,35960
1398384,2,27919,29759
584576,2,20430,21953
65836,1,11,2199
82340,1,16,355
91388,2,26,4139
63840,2,3,192
595608,2,46117,46639
580400,2,22714,25425
25688,2,9,55
20276,1,9,44
25684,2,8,54
72604,2,10,1853
930644,2,17248,18894
82792,2,38,144
571372,1,32247,32990
639256,2,43023,46780
69880,2,7,263
25680,2,8,57
85208,2,8,248
588100,2,1169,1656
595952,2,30440,31030
615988,2,22969,23199
58976,2,8,169
79288,2,9,58
1562540,2,31505,37245
588088,2,1246,1535
588232,2,19333,21570
582644,2,1155,1409
593616,2,31125,31988
581852,0,44165,45310
20288,1,9,57
598164,2,5585,5817
585480,0,46731,47572
597936,2,34994,35467
572288,0,18735,19311
576260,0,29977,30826
69152,2,8,61
55544,1,10,70
20332,0,8,51
615260,2,32667,32969
595196,2,37844,38190
599908,2,39319,39606
80268,2,8,440
569480,1,27243,28097
85180,2,8,73
582924,0,49778,51153
569576,0,21454,22943
53560,2,3,3606
617560,2,38130,38520
603024,2,24158,24406
79296,2,11,83
571000,1,27963,28709
1566604,2,32439,36950
598868,2,4162,4243
62948,0,9,242
597244,2,41774,43041
73348,2,15,131
589124,0,44103,45258
79304,2,8,54
584528,2,22573,23310
596836,2,40278,40845
84668,2,40,172
588032,2,1237,1459
25680,2,8,65
595168,2,28704,29175
68916,2,8,69
593844,2,43754,45546
216608,2,43,987
591812,2,36642,37651
582268,0,6499,6663
579772,0,40420,41960
581204,0,47837,48299
67344,1,10,451
581416,2,20928,21939
597248,2,36078,36376
568212,1,18166,19404
79296,2,9,64
55740,1,9,1923
574348,1,37327,38392
69052,1,10,967
600404,2,15528,17072
588604,2,172870,173887
616084,2,38099,38364
592068,0,54726,55285
20708,2,9,80
591704,2,39659,40170
595560,2,39810,40882
64164,1,9,60
594528,2,32945,33430
597780,2,40069,40585
588512,1,55530,56518
581496,1,48187,49123
598196,2,42323,42635
85176,2,8,237
595600,2,40484,41871
74884,2,8,82
1100704,2,1328,1374
68964,2,9,74
59884,1,9,1851
591444,2,41021,42011
598136,0,62554,62881
647180,2,26734,27003
1392932,0,35287,40147
85204,2,8,241
587992,2,1203,1513
1328248,2,25731,28688
620724,2,36141,36415
25684,2,8,67
73208,2,30,3680
0,2,1,2
594172,1,25989,27203
595772,2,36989,37860
580752,2,19883,21054
598792,2,36087,36925
71832,2,8,1851
617240,2,36959,37221
20284,0,9,60
25664,2,7,54
582092,2,25272,27690
579364,1,46397,47117
596304,2,40556,41142
617724,2,46224,50149
577588,0,23992,27269
53348,0,10,76
604088,2,6170,6375
60980,1,9,3687
588084,2,1150,1389
568488,1,23597,24099
79328,2,10,64
71724,2,9,948
611580,2,33371,34141
594544,2,30522,31219
613340,2,12758,12870
20284,1,9,54
570860,1,30350,32411
582232,2,17598,18593
601956,2,36433,36734
612932,2,43009,43365
85148,2,8,91
1265208,2,24588,27892
0,2,1,2
1596340,2,28929,30984
594016,2,21451,22210
71876,2,10,1854
571624,0,26447,28762
80284,2,7,430
76588,2,9,1851
613628,2,22702,22959
583008,2,22033,23169
580852,1,44815,45457
596972,0,25807,26024
20744,2,7,92
1588048,2,20229,22277
1824876,1,40000,51744
580792,1,49865,51163
57504,1,8,78
584600,2,15779,16432
590664,1,50538,52248
61940,0,29,1856
0,2,0,2
594256,2,34168,34881
71116,0,9,243
579956,1,23634,24222
98912,2,27,27412
1661060,1,2983,4035
79252,2,10,95
72824,2,21,3681
598212,2,5741,5950
61312,0,12,1853
587792,0,41756,42291
588128,2,1169,1444
1095268,2,315,860
598756,1,29100,29545
587100,1,50705,54431
584296,2,26184,27341
580724,1,46387,47578
583992,0,37512,38118
591712,0,67318,67651
582824,2,20930,22255
626712,2,37787,38127
1593740,2,32343,38314
0,2,0,1
598612,2,35916,36238
619160,2,27106,27377
588228,2,18286,19464
72696,2,16,1850
0,2,8,64
587604,0,59434,59815
1604748,2,31828,69354
25652,2,7,52
581928,2,20401,21952
76860,2,19,4735
156216,2,33,579
1440736,2,22145,23648
581568,0,6747,6839
76768,2,9,1851
598360,2,45253,45661
615036,2,20149,20576
961816,1,238,495
81116,2,9,549
598860,0,29158,32712
595100,1,50139,50485
598520,2,45019,45472
598960,2,5876,6084
85084,2,8,79
576660,0,27162,27804
20320,0,9,52
74780,2,8,55
0,2,0,2
599900,2,6000,6181
605788,2,32331,32776
604436,2,39035,41217
0,2,1,1
16404,1,8,70
20316,1,9,58
955536,1,273,532
25684,2,8,72
82728,2,39,490
598164,2,44794,45185
43880,0,3,3606
588100,2,1243,1714
604740,2,44332,44880
16420,0,9,98
61968,0,14,1853
592540,2,39055,39670
81696,2,11,2298
0,2,0,19619
20708,2,8,83
616164,2,24034,24254
601376,2,32232,33069
567856,1,29056,40586
0,2,0,1
580892,0,39233,39429
575852,1,27982,29302
0,2,1,2
570596,1,38600,39704
20292,1,9,59
590488,2,18061,19034
57180,1,8,1850
595976,2,40124,47030
580248,2,18701,19506
69308,2,10,72
63848,2,3,191
619004,2,25485,25915
63880,2,4,190
597416,2,24592,26206
581000,0,42600,43400
110932,2,40,189
597460,2,39101,39453
581464,1,30089,31555
591332,2,36640,38875
637232,2,40556,40839
84208,2,11,113
85136,2,8,52
597720,2,40791,41118
16392,1,9,77
582904,2,25071,27772
569540,1,14762,15376
624828,2,31546,32444
85212,2,7,81
1428580,2,27691,30186
79268,2,9,72
65132,2,9,66
53596,2,3,3607
610988,2,5221,5291
588120,2,1164,1368
594040,2,34714,37158
90112,2,36,7413
561176,1,172863,173672
56008,0,9,63
601448,2,39929,40549
1425052,2,27784,29949
0,2,0,1
103544,2,27,3266
87640,2,47,10169
1397404,2,30841,33058
59896,1,8,1851
61148,0,10,1851
586908,1,50680,52301
597464,2,39403,40580
585344,1,26819,27765
583356,1,59121,59592
20296,0,8,57
615028,2,28537,28772
106744,2,43,4066
74820,2,8,244
85232,2,8,249
554972,1,2677,3465
0,2,0,1
0,2,1,2
597944,2,44845,45270
0,2,0,2
588128,2,1167,2216
53616,2,3,3607
72940,2,29,3683
20732,2,8,85
585896,0,59696,60151
627684,2,24305,24568
63340,0,10,95
80200,2,7,430
25672,2,8,62
79280,0,10,1886
62960,1,9,75
593768,2,27540,28032
584300,1,46967,48356
0,2,1,2
614652,2,23702,24133
660792,2,23650,27251
604100,2,41183,41531
598412,2,43303,45483
597472,2,40779,41318
555112,1,2650,3472
630920,0,1495,2945
584792,1,31801,43108
7460,2,0,1
601656,2,57840,58296
1566324,2,26309,31503
60552,1,9,55
1598896,2,31817,36410
64404,2,4,199
30620,2,12,85
571548,0,32382,33759
626492,2,35501,35726
25696,2,8,69
0,2,1,2
81628,2,4,5605
0,2,1,2
601256,2,55972,56439
630872,1,50885,51730
94688,2,11,119
68888,2,8,49
43896,0,3,3609
70488,2,10,1851
82060,2,7,1427
594212,2,20493,23754
566204,1,26299,36684
626400,2,36941,37348
70672,2,8,77
597344,2,44987,46820
99412,2,8,1799
597440,2,41561,42776
598188,2,6289,6487
81604,2,5,5604
72256,2,8,169
598356,2,37416,39701
1575472,2,26175,32530
598808,2,5909,6135
598656,2,41060,43026
20268,0,8,56
1358880,2,25492,28185
64204,1,9,56
570560,1,20535,21521
597060,2,27126,30293
74772,2,9,258
552196,1,1604,2204
569960,1,26816,28183
67268,1,10,442
616064,2,25175,25421
71864,2,9,1854
62896,0,8,84
66120,2,7,85
526228,1,255,136433
80248,2,8,445
1189844,2,21193,34381
600836,2,6182,6454
608512,2,30600,31003
602832,2,43260,44396
608660,2,21697,22532
629472,2,43182,43588
53580,2,3,3606
567436,1,24599,25263
77648,2,37,1851
277236,0,341,897
25644,2,8,56
579836,2,21629,26121
570660,1,29894,30433
25680,2,10,74
1397240,2,27752,30423
598040,2,43074,49304
588100,2,1156,1388
584056,1,52035,55818
612696,2,21078,21277
551592,1,1476,3262
63740,0,24,3684
583764,1,46342,48875
568368,1,23676,26084
25668,2,8,59
60348,0,9,240
616220,2,34251,34497
68916,2,8,65
596972,2,40244,40620
1220740,2,21107,26759
0,2,1,1
0,2,0,2
1050160,2,16975,19310
592168,2,172819,173882
43892,0,4,3607
69164,2,9,66
593528,2,14942,16679
80280,2,8,431
610048,2,40777,43439
594528,2,32830,33512
585332,2,23664,27251
596772,2,32284,33191
588220,2,1176,1931
585412,2,24995,27579
620784,2,19586,20106
0,0,1,1
583620,1,38728,39171
1438860,0,35013,69050
20280,0,8,53
601196,2,34634,35031
600612,0,26802,27186
80296,2,8,434
595920,2,33258,33872
80240,2,9,436
583348,2,28378,31580
560068,1,2227,10871
53596,2,3,3609
580696,0,40594,41753
588076,2,1245,1507
585896,1,64954,65256
596480,2,42019,42885
584156,2,19124,20535
614300,2,35006,35617
573312,1,29199,29724
583980,2,19116,19759
586440,1,50086,51367
59908,1,8,1849
598032,2,41225,41588
0,2,1,2
1582424,2,26130,30350
72680,2,30,1850
608936,0,37006,37188
36204,2,8,63
63980,2,73,299
65776,1,18,1854
583500,1,63429,63829
0,2,0,2
79216,2,8,56
80500,2,15,3993
570832,1,25689,27123
86952,2,9,958
576792,1,29921,33974
0,2,1,1
583716,0,44395,46157
631020,2,34046,34298
0,2,0,15806
588220,2,1229,1661
571408,1,29071,40748
598464,2,41653,43721
55496,2,8,58
1574148,1,2198,2952
588096,2,1230,1527
67228,0,9,434
615852,2,21714,22190
598368,1,44363,47335
579420,0,18844,19475
85648,2,9,59
59928,1,8,1853
574620,0,23458,24447
0,2,1,2
601892,2,5761,6000
615060,2,24216,24336
0,2,1,2
64324,0,9,52
80232,2,8,428
588272,2,1227,1534
0,0,3,10
71748,2,9,1848
605512,0,24338,24522
20324,1,9,47
617980,2,20866,25128
587052,2,1154,1401
588124,2,1237,1730
604032,2,43938,46115
579256,0,25822,32249
616436,2,32884,33107
630916,0,1472,1763
25656,2,9,61
610284,0,47687,49330
54136,0,9,113
0,2,1,2
603252,2,55901,56378
0,2,1,2
0,2,0,17648
648904,2,22982,23249
25704,2,9,58
63812,2,3,190
68724,1,18,3513
551712,1,1458,2128
1570792,2,30803,34162
74772,2,9,61
573060,0,23497,26451
574028,1,22185,22839
623020,2,21698,24636
1595560,2,31028,33484
594636,2,32010,32940
581544,0,3545,3987
583252,0,45395,46548
0,2,1,1
582696,1,6755,6882
600364,2,21831,24792
80248,2,8,265
0,2,1,1
74796,2,9,59
594412,2,38419,38915
0,1,1,2
25680,2,9,60
25664,2,9,52
0,2,1,1
582292,0,6896,6994
584892,1,37769,38013
117680,2,44,963
20288,1,9,67
592448,2,36937,38012
590256,2,172833,173225
78812,2,14,248
612456,2,34939,35510
634472,2,20086,20517
36032,2,8,56
79260,2,8,72
579428,1,30396,35553
43888,0,3,3606
60900,1,9,1853
615100,2,23491,23734
71328,2,8,64
90252,2,19,184
568984,1,32603,40233
1167696,2,21245,47005
594696,2,30115,30859
1396940,2,28350,30898
80232,2,8,442
1582716,2,26833,31929
71136,1,9,245
68860,2,9,63
615252,2,36598,36841
580664,1,36319,36794
64228,0,9,52
613084,2,44573,44921
569832,1,35216,47458
90152,2,18,1927
126828,2,35,473
596332,2,30632,31350
594484,2,35048,35779
588096,0,48838,49376
600768,2,47019,47471
599136,2,59127,59593
86424,2,13,190
79224,2,8,68
583328,2,16538,18246
74444,1,82,2303
582832,2,18670,20960
600384,2,49021,51218
121620,2,50,2275
579520,0,45684,46233
598292,2,5929,6181
594184,2,40082,41501
100492,2,39,169
583308,0,71671,72009
598200,2,53498,53973
72612,2,12,953
287076,1,660,1707
1575908,2,32066,34422
20252,0,10,63
68924,2,7,79
580424,2,16544,17722
596512,2,41591,42992
73880,2,9,61
0,2,0,2
599404,2,47315,48581
71928,2,6,411
596388,2,25009,26230
0,1,0,1
68612,2,8,53
598004,2,43635,44220
609960,2,45214,45579
559680,1,1450,2097
581972,1,33205,34622
98852,2,31,36880
572880,1,45666,48261
594648,2,19361,20574
618428,2,37761,39005
81696,2,15,2563
117564,2,42,979
566260,1,79180,80051
0,2,1,1
598156,2,5958,6182
74308,2,11,1855
62976,0,9,241
84656,2,44,168
1780236,2,29852,33796
585488,0,30023,31075
584308,1,55487,55798
604344,2,46892,53838
598924,2,5957,6200
68892,2,9,71
1400580,2,27582,29877
599544,1,29702,30222
25636,2,8,65
20264,1,9,59
599384,2,42739,43896
602464,2,41657,42986
613364,2,36238,37995
67380,0,30,3770
595972,2,25480,25776
571156,1,28423,29287
581452,1,33057,34020
586232,2,22037,23418
59900,1,8,1850
55992,1,9,66
0,2,1,2
574836,1,33662,35361
608496,2,44639,45850
633752,2,23298,23555
574428,1,43480,46091
616528,2,23697,23923
75240,2,8,94
25668,2,7,78
1102796,2,3263,3344
581212,0,42865,43956
583636,1,17176,18956
58332,1,8,1850
598700,2,40358,41037
1703872,2,26747,29707
590072,1,48444,49350
590756,1,42158,42932
59912,1,8,1851
608080,2,28993,29304
53608,2,3,3606
652468,2,43251,43605
580952,2,21604,22936
85212,2,8,248
1552164,2,31311,38047
96880,2,50,11578
57132,1,9,1850
584248,1,62695,63107
87048,2,13,1602
585592,0,40060,40897
0,2,1,1
581436,1,36400,36924
551744,1,544,1043
611952,1,45333,47187
1565240,2,31465,34367
96900,2,48,12509
619552,1,48422,49511
597508,1,40728,41153
25676,2,9,73
0,2,1,1
53572,2,3,3608
581436,2,18861,20348
569432,1,26815,29972
581788,2,21125,23881
110884,2,42,937
73908,2,11,101
1188204,2,21807,32316
615516,2,19993,20456
551948,1,564,1164
568372,1,32531,33770
85184,2,9,253
121660,2,45,6322
585980,2,24547,26649
72716,2,12,1853
1560236,2,31239,33923
0,2,1,2
598188,2,6006,6211
1556780,2,25427,27743
618672,2,21178,21380
617484,2,39737,40037
582580,1,48990,50170
59932,1,8,1850
80296,2,8,453
79316,2,8,73
74996,2,8,964
81684,2,4,5598
582096,2,13101,14105
25676,2,9,54
79324,2,8,50
1536652,2,25745,28544
70032,2,8,966
0,2,1,2
559240,1,560,1063
595292,2,26518,29219
71448,2,8,960
76952,2,16,3683
602600,2,41354,42375
94428,2,16,168
588304,2,1239,1658
569872,1,24240,26111
597820,2,42724,45311
616440,2,24930,25163
593876,2,30890,31349
595384,2,32329,33469
110792,2,40,160
79204,2,9,108
574532,0,26125,26841
931308,2,16362,19050
69908,2,8,274
584284,2,18334,19106
62004,0,28,1852
1557444,2,31516,34230
606908,2,41646,43483
588316,2,1164,1681
20708,2,8,47
117836,2,40,256
674632,2,41142,41539
57152,1,9,1852
607504,0,24281,25317
79304,2,8,78
84712,2,12,1895
74776,2,8,73
63104,1,9,130
598784,2,29768,30030
587252,0,60071,60376
61948,1,23,1854
596520,2,172913,173310
598828,2,40306,40608
575004,0,30927,35182
578096,1,43745,45082
598756,2,5698,5933
595548,2,34706,35125
601336,2,6049,6286
579564,0,41683,42798
588272,2,1167,1849
580112,2,22890,24415
613972,2,22605,22826
602976,2,38536,39336
61040,1,10,1854
633136,0,27122,27664
583240,2,18164,19809
560044,1,1461,2108
580556,1,46564,53091
85720,2,9,75
61940,1,33,1853
583044,2,23021,24147
588056,2,1195,1566
579076,1,27726,28438
110880,2,40,162
79272,2,9,69
581236,1,18880,19490
620684,2,21413,21844
25668,2,7,74
590468,2,15283,16322
597000,2,40457,41363
598864,1,24368,24558
1578108,2,25748,30601
20740,2,8,85
79292,2,8,72
20284,0,9,66
585332,2,24411,25528
588008,2,23737,24929
582248,2,23314,24196
74848,2,9,84
594936,2,25009,25210
630680,0,1416,1700
596864,2,40312,40645
591108,1,30131,31547
74748,2,8,53
76756,2,9,1851
85612,2,9,57
0,2,3,3
601868,2,6053,6251
611736,2,42116,42524
0,1,1,2
0,2,1,1
300156,2,488,3402
25676,2,7,72
617216,2,27311,27575
569328,1,19479,21589
68928,2,8,72
1412924,2,27398,29469
25640,2,9,59
69304,2,9,60
600208,2,6124,6350
80196,2,9,247
651680,0,52616,53262
75836,2,7,169
74824,2,8,84
16412,1,9,87
577596,0,29027,30410
195588,1,82,348
81768,2,4,5599
641652,2,38626,39605
571688,1,27292,27921
1398524,2,28487,31074
603472,2,41112,45544
598644,2,38000,39071
559460,1,1458,2133
20740,2,9,89
79328,2,7,63
1194312,2,21498,30224
69544,1,21,4546
598844,2,1251,1729
41136,1,0,1
1767192,2,36161,40688
74916,2,9,95
90864,2,17,227
596720,2,46070,46528
72784,2,16,1853
64204,1,9,68
61956,0,13,1850
25668,2,8,52
580160,2,17121,19480
0,1,1,1
588048,2,1167,1612
588096,2,1168,2572
89672,2,13,159
25688,2,7,70
0,2,1,2
68888,2,8,78
79220,2,8,52
76664,2,13,149
67256,1,9,252
617704,2,19053,19476
25700,2,9,60
582256,0,6953,7075
63884,2,3,193
599236,2,33186,33937
556008,1,2564,3339
601544,2,42051,43844
575192,1,32473,40425
282132,1,2374,17579
597084,2,25430,26697
598696,2,5444,5695
580728,2,22275,24109
64768,1,13,2672
1642748,2,5131,8841
622816,2,40000,40323
592552,1,50565,55019
600504,2,39465,39968
43904,1,4,3609
0,2,1,2
584256,2,15385,16132
20304,1,10,59
20284,0,8,57
62020,0,28,2419
599044,2,5841,6081
576472,1,172879,173049
20320,1,9,56
597492,2,25795,27416
599688,2,5782,6040
20300,0,8,54
76740,2,14,3300
614096,2,23083,23294
581856,2,22594,23698
72300,2,9,169
953172,1,232,506
79264,2,8,60
598200,2,5695,5893
20744,2,8,79
594552,0,20947,21874
63812,2,3,196
55968,1,10,63
72212,2,8,168
600524,1,48678,49984
593980,2,33616,34117
604076,2,40603,42751
573100,0,27659,29228
76580,2,13,1950
601916,2,61826,62304
20276,1,10,50
567748,0,18035,18930
597596,2,36925,37838
25696,2,7,53
72164,2,8,169
570552,0,23627,24747
69152,0,8,968
80200,2,8,432
25668,2,7,50
75516,2,6,429
1245756,2,23410,38131
597068,2,40875,42221
576656,1,27333,28116
580392,1,48580,48848
594548,2,36633,37874
57224,1,8,1850
1591336,2,28080,29591
569776,0,28626,29665
65864,1,14,2182
79196,2,9,56
1418756,2,28027,30531
0,0,0,1
65084,2,9,64
25640,2,8,61
599636,2,44123,46471
584676,1,51842,53151
1431132,0,28099,33395
590104,0,42923,50772
25664,2,8,75
1643316,2,29464,32206
613532,2,18969,19412
80292,2,7,243
63864,2,4,191
596888,2,36748,37128
20284,0,8,66
569812,1,18387,19899
588096,2,1164,2232
57044,1,8,1853
86916,2,13,1684
601384,2,35100,35714
101344,2,23,1956
76512,2,9,1852
581500,2,24219,27882
1562288,2,31238,36446
571012,0,27502,28474
0,1,1,1
81596,2,4,5600
20328,1,8,53
581880,1,50364,51776
69892,2,8,246
573208,1,22296,24816
74776,2,8,260
1585852,2,32105,36355
613964,2,21897,22363
67208,2,8,65
57144,1,9,1849
100468,2,44,7511
69268,1,18,3684
76628,2,9,1855
107592,2,44,248
61816,1,13,951
41500,2,9,94
567952,0,29049,29746
0,2,0,2
601152,2,48869,51892
75152,2,9,1855
556032,1,1587,2643
61948,1,20,1852
603548,1,32325,32763
598896,2,5710,5914
0,1,1,2
589132,2,1238,1505
43256,2,0,2
568304,1,38608,39416
25660,2,8,56
1581300,2,30866,34403
84764,2,20,244
603256,2,59550,60080
585196,2,19334,21256
72624,2,29,1847
85864,2,9,964
527108,0,645,2412
596812,2,38277,39289
578924,2,19006,22359
25708,2,7,57
74256,2,8,109
69076,1,51,175
967256,2,3653,5499
25688,2,8,68
595292,2,34739,35063
580804,2,16619,17434
20304,0,8,52
597852,2,42960,44435
63892,2,1,155
25656,2,9,57
57024,0,8,66
580624,0,44899,46110
593796,2,31701,32468
72792,2,24,1851
592632,2,40750,42259
595176,2,28878,29739
583868,2,26191,26984
589812,1,50050,50635
593948,1,47102,47503
80272,2,8,238
580172,2,24218,25514
85184,2,9,55
1580912,2,31014,36241
567340,1,26164,29216
16456,1,9,79
0,2,1,1
75416,2,9,58
567628,1,28322,35206
1051176,2,16426,18768
620584,2,41525,41928
74304,2,9,82
578404,1,42145,43247
581572,0,50024,56633
62360,0,10,57
0,2,0,2
79308,2,9,65
575436,0,19427,21077
581284,2,24434,25193
598952,1,30636,30899
581364,2,26636,29454
592332,2,42079,47022
588292,2,1170,1468
592440,2,79877,80009
559308,1,2255,3099
0,2,3,7
601004,2,51016,51557
592968,2,43574,47107
601684,2,37644,38669
108972,2,22,254
80852,2,18,963
616212,2,24643,25211
600068,2,40235,42817
20312,1,9,62
584160,0,46049,47286
1582932,2,26380,30354
90352,1,38,43725
0,0,1,1
604852,2,45291,45611
590996,1,39123,39553
72584,2,15,964
0,2,0,1
81692,2,5,5601
613976,2,21819,22289
572176,0,27551,29693
64180,0,9,73
583888,1,41636,41951
25672,2,7,62
628724,2,23355,23629
73012,0,9,143
581404,2,22147,23261
581832,0,6711,6877
0,2,1,2
599964,2,43650,43979
1444984,2,22441,23893
79264,2,8,52
555860,1,1461,1680
559988,1,1478,2151
0,2,1,2
577796,0,21888,23493
64232,0,9,59
598680,2,5877,6219
75244,2,24,1852
654576,1,52524,52953
0,1,1,1
0,2,0,2
663064,0,52129,52973
1189376,2,21165,25346
593144,2,39479,40819
70712,2,8,65
583132,2,20423,21496
582800,2,18291,20423
61844,1,19,1853
68544,1,28,56
592408,2,23620,27891
75516,2,13,115
74860,2,8,83
616168,2,24178,24636
569684,1,20618,21235
624860,2,36456,36852
20288,0,9,62
1583480,2,31074,35220
71700,2,7,54
25684,2,8,66
584352,0,53203,56340
573284,0,26871,28049
1131068,2,14123,14230
569604,1,34105,41034
567804,1,26768,27662
85192,2,9,67
592980,2,41782,42303
596696,2,37715,39773
75260,2,7,85
1587540,2,33583,38159
604128,2,6037,6237
59844,1,8,1851
582440,1,47433,48881
585220,0,67906,68250
588304,2,1174,1993
1574020,1,2348,3643
595544,2,43194,43528
67320,1,10,241
43860,0,3,3606
65856,1,16,1141
603520,2,39899,41020
293248,2,8536,28791
598208,2,5947,6158
597604,2,26455,27722
587484,2,17014,18678
569240,1,23644,26404
595060,0,42021,42342
20752,2,8,78
55440,2,2,7
53516,2,3,3606
551952,1,559,1164
55980,1,11,56
25704,2,9,68
80260,2,8,430
555052,1,2646,3438
598892,2,5701,5931
20280,1,9,62
20308,1,9,65
607108,2,41289,41624
579316,1,44268,44715
75380,2,8,60
552192,1,1460,2122
574032,0,25446,26192
582240,2,19429,20716
74320,2,8,81
585596,0,48872,50211
582912,0,37817,38030
564996,0,23794,29953
618460,2,38836,39169
108892,2,40,167
0,2,0,2
602772,2,44996,46468
59880,1,8,1851
76832,2,9,1847
576752,0,24050,28669
25656,2,8,63
67264,1,10,1322
1233096,1,27686,37372
92308,2,32,3244
581208,2,25546,26592
125240,2,31,574
584644,1,68003,68322
600580,2,42850,43277
1636748,2,33393,73348
20324,1,8,50
1552696,2,24752,27181
63356,1,18,1853
599440,2,41427,42864
594940,2,40588,42734
583672,0,43621,44805
580988,2,24015,25042
0,2,1,2
1392128,2,27250,29055
60896,0,10,1852
57188,1,8,1850
584388,1,61170,61517
1416560,1,35613,44453
582280,0,6787,6887
80236,2,8,440
586472,1,7184,7340
595632,2,24815,25999
600312,2,40889,42172
580752,2,15922,16904
64176,1,9,80
568376,1,25564,27377
606000,2,16633,17368
592992,2,41472,42526
67196,0,9,432
599940,2,47866,55169
55788,1,8,73
293384,1,9097,17192
71788,2,8,1851
0,2,0,2
588100,2,1163,2113
593888,2,34525,35015
72812,2,10,1852
596592,2,41109,43866
572228,1,21896,22547
573556,1,25510,26339
100524,2,16,194
588108,2,1168,1427
594796,2,38180,38916
569312,1,23884,24423
25652,2,8,69
598992,1,49790,56600
568304,1,34713,35576
584576,2,16984,18057
601376,2,49747,50222
593388,1,40599,43680
588268,2,1234,1559
570512,1,27308,28158
590124,0,62372,62825
79260,2,8,73
81912,2,9,965
615228,2,19784,20223
60412,0,8,168
598156,2,5906,6132
25692,2,9,53
614644,2,35697,35917
596992,2,41809,43030
933064,2,1525,1724
60392,0,9,98
1633748,2,33654,48617
125560,2,31,2466
100748,2,18,212
618168,2,22006,22449
74816,2,9,1849
584184,2,21704,22538
53540,2,3,3607
580280,2,172807,173340
56016,0,9,72
60380,0,9,95
1126852,2,6612,7692
64268,1,9,67
0,2,1,2
25680,2,9,64
74840,2,9,967
1044148,1,9096,14548
583996,2,24822,25601
1749960,2,20539,30173
61836,1,28,1851
607340,2,41945,48940
590240,0,60843,61246
74784,2,8,73
592612,1,62612,67217
20268,0,8,58
605452,2,31927,32267
593864,2,172881,173232
53620,2,3,3607
0,1,1,2
555492,1,6666,7303
591396,2,172927,173415
0,2,1,2
582032,1,50407,51091
572040,0,28011,28664
79268,2,8,64
60380,1,8,169
72608,2,22,1741
571380,1,21608,22336
593764,2,30565,31908
621176,2,34172,34402
1592044,2,31684,35358
593464,2,34475,35226
2098328,1,2316,3707
72232,2,8,169
1011400,1,9143,14119
1591112,2,32296,37025
594892,2,30753,31100
0,0,0,18125
85172,2,19,2815
1185548,2,21763,33812
597568,2,14875,15602
634024,2,33933,34346
613172,2,22223,22484
572380,1,25826,26568
74812,2,9,1855
579028,1,35301,36467
71784,2,9,1852
552148,1,1481,3402
588092,2,1243,1599
582380,0,7163,7291
556008,1,1461,2067
596484,2,32550,33035
30636,2,10,95
74984,2,10,2422
75284,2,12,1851
626268,2,17602,18076
74868,2,9,85
567496,1,22407,22891
934140,1,202,470
177036,2,48,426
25692,2,8,69
608024,2,38740,39626
598196,2,5837,6037
79308,2,8,80
556040,1,1468,1635
601560,2,53314,53806
1570752,2,33592,36661
592332,2,40861,41280
662248,0,50587,51281
594756,2,30008,30776
72756,2,33,1848
584052,0,6582,6686
74824,2,8,58
570068,0,20610,21583
63884,2,4,196
596948,2,32231,32888
581264,2,23616,24739
80260,2,9,245
63080,0,16,1853
71272,2,8,60
25676,2,7,52
580996,1,79481,80106
602012,0,25941,26143
1371132,2,25434,27727
630884,0,1461,1783
79268,2,8,56
597144,2,17961,19498
102480,2,50,4683
594724,2,19205,20534
53556,2,3,3606
588120,2,1274,1516
588076,2,1164,1696
1551520,2,31106,34829
572308,0,27222,29764
618816,1,35409,35902
61892,1,31,1854
67628,2,8,58
581776,1,46953,47418
598896,2,5896,6084
79296,2,9,56
588056,2,1165,1378
589016,0,40970,43339
72232,2,8,169
593496,2,40661,41261
590884,1,53210,54111
25680,2,8,64
580700,1,57283,58689
150816,2,40,168
74856,2,7,89
25640,2,9,59
1200384,2,10834,12431
595324,2,25576,27922
1556508,2,31986,35065
617472,2,23218,23642
598024,2,41134,42859
593440,2,31877,32155
20300,0,8,60
576512,1,21470,22017
61932,1,32,1852
72132,2,8,63
86544,2,15,2613
227616,2,40,174
67244,1,10,431
64664,1,7,892
595584,2,33246,33685
598928,2,5644,5906
62916,0,8,86
76756,2,7,412
25684,2,8,62
618688,2,23804,24107
619420,2,18735,19155
594980,2,34209,35080
595524,2,25075,26108
37476,2,0,2
589604,0,51110,58059
0,2,0,4726
0,2,1,2
597324,2,30876,31333
79292,2,8,62
612572,2,45182,47990
72720,2,13,953
600020,2,37809,38091
582168,2,19296,20950
582104,0,5796,6162
57148,1,8,1851
596532,2,38854,39435
604956,1,47614,48683
598900,2,5807,6051
295008,1,10156,20177
602152,2,32327,32618
25692,2,8,49
596684,2,41443,41749
1096236,2,14938,15141
79276,2,8,59
0,2,1,1
0,2,1,1
585280,1,62253,62598
36464,2,0,2
81668,2,4,5603
79300,2,9,73
586456,2,17599,18929
79288,2,8,72
75952,2,10,1847
72744,2,11,2046
600796,2,17561,18320
614184,2,18231,18701
946152,1,208,482
582240,0,6981,7145
598704,2,42586,44186
571292,0,18909,19536
110212,2,25,3313
95612,2,9,105
602748,2,56450,56952
588104,2,1207,1613
74796,2,8,63
85596,2,8,96
1557096,2,31365,37658
68896,2,8,58
0,2,3,10
588112,2,1155,1422
597224,1,29118,29465
79280,2,8,108
597828,2,42031,42371
581136,2,23626,24724
79236,2,7,54
588044,2,1196,1511
599204,2,39223,40138
74368,2,8,251
598964,2,5723,5931
311496,2,411,2101
1395316,2,27435,30466
0,2,1,1
588248,2,1164,2141
91552,2,18,2687
72312,2,8,65
1558344,0,40259,49145
1595228,2,21483,24203
570356,1,24599,25407
0,1,1,1
575248,1,30410,31092
593804,2,34204,35437
601860,2,44487,46705
583832,1,59629,59967
635900,2,32514,33193
587884,0,65324,65649
68164,2,9,50
1781296,2,29996,33300
75292,2,9,63
599040,2,5752,5983
597356,2,25606,26655
582260,0,7019,7124
80336,2,14,180
1571400,1,2174,4070
70436,2,7,60
82808,2,40,353
68936,2,8,83
1572064,1,42251,54781
585440,2,21591,22353
61932,1,29,2423
592788,2,33362,34813
77728,2,21,1851
76564,2,11,998
569924,0,17572,18240
614176,2,15908,16029
598392,2,39508,40844
596912,2,37905,39701
580724,0,35238,35538
80244,2,9,424
1048944,2,8983,12611
0,2,1,2
79216,2,9,70
1091756,2,5259,7254
71832,2,8,1849
600280,2,42428,43338
36136,2,9,53
596448,2,38974,40426
82680,2,39,309
570280,1,28768,41131
589844,2,172812,173322
74828,2,9,69
56348,2,8,50
117776,2,43,175
67248,1,10,440
86616,2,21,3813
25660,2,9,65
617288,2,40092,40593
25696,2,8,66
47756,0,10,109
584168,2,26279,27809
580812,2,22388,25294
619604,2,45176,46320
572444,1,91037,91759
1547544,2,24562,26484
598696,2,6101,6322
20732,2,8,79
25684,2,9,58
598848,2,6016,6219
79240,2,8,78
84484,2,20,163
624716,1,41949,42920
119260,2,25,329
628708,2,34822,35958
615348,2,34818,35048
65656,0,13,1894
583864,2,16187,17902
570576,1,28203,28774
614504,2,24457,24873
94108,2,16,179
600860,2,45753,49531
55984,0,8,54
25668,2,8,68
0,2,1,2
609096,2,3479,3523
568424,1,33207,44977
588224,0,55271,55579
570980,0,172853,174036
65040,1,9,957
1569356,2,32037,37841
68856,2,9,73
582716,0,44399,45114
622568,2,41360,42305
74780,2,7,243
573904,1,25838,26791
585412,2,20135,22143
598984,2,6227,6434
589748,0,37801,38558
25668,2,7,74
25676,2,8,70
949712,1,211,466
83264,2,8,72
572140,0,27775,29210
555012,1,2573,3346
598876,2,5750,5994
608160,2,42572,42949
584336,2,24770,26297
25688,2,9,66
583428,0,63419,63738
592964,2,36430,36971
81744,2,4,5601
604096,2,52374,52821
599604,2,5765,5956
582872,2,16982,18078
39328,1,9,66
568728,1,34121,34676
580732,1,44534,46635
587284,2,19149,20674
624872,2,20724,21188
79240,2,8,75
56000,1,9,73
0,0,4,4
75368,2,8,61
1607088,2,32940,37449
618508,2,33711,34180
141100,2,43,950
79304,2,9,65
593572,2,30847,31142
287160,0,578,1380
592676,2,41454,41795
156728,2,42,376
597544,2,40104,40868
81460,2,18,4137
602220,2,49313,49753
85224,2,7,249
615112,2,22676,22907
587008,2,25424,26893
595736,2,39135,39549
571472,0,26565,27335
587796,2,172921,173210
592808,2,31449,32147
597864,2,39370,40597
581892,2,23801,24563
72816,2,17,1851
596796,2,40248,41415
580340,1,26217,29648
25692,2,9,62
0,2,1,2
71268,0,8,99
665728,2,44089,51273
86924,2,9,74
599208,2,38807,39804
597468,2,40823,43526
594820,2,36297,37214
25676,2,9,55
16448,1,9,79
158164,2,45,1191
119296,2,22,290
64192,0,9,52
614464,2,36399,37142
598920,2,5977,6179
0,2,0,2
604880,2,43715,44109
588056,2,1165,1634
594864,2,32537,32988
552104,1,1460,2402
85208,2,7,81
574080,0,23351,24275
595816,1,49963,50307
71960,2,9,1854
75520,2,9,950
1169836,2,9642,11125
583292,2,18241,18929
56000,0,9,135
1597692,2,34814,40376
580100,0,38550,39053
60852,1,9,1852
606920,2,37914,42146
25664,2,8,49
16420,0,10,83
598696,1,24857,25005
1616836,2,33874,44982
1561384,2,31828,36010
1125048,2,30869,32550
592244,2,36430,36802
612044,2,24046,24541
590412,1,39366,39793
584680,1,55924,63440
588820,2,27011,29702
68860,2,9,88
1050180,2,16899,19069
65856,1,13,476
20292,0,10,68
601268,2,42152,49056
583972,1,42320,48265
596568,2,24590,25394
581948,1,44619,45460
120348,2,26,805
110836,2,46,172
1404892,2,30493,32618
610960,2,20900,22529
36188,2,10,71
85244,2,55,10513
0,2,1,1
73336,2,8,77
20712,2,8,89
1412764,2,28134,30632
1643904,2,29416,33816
57224,1,9,1851
588816,2,1227,1542
86620,2,17,2782
0,1,1,2
598960,2,5891,6076
600720,2,44036,46173
577648,0,25677,26354
67184,1,9,440
932368,2,16212,18396
588124,2,1231,1506
20264,0,8,57
0,2,0,1
85480,2,17,1531
80180,2,9,243
598664,2,39337,40700
0,2,1,2
603564,2,42912,43935
603500,0,28473,28982
588128,2,1160,1980
61904,1,28,1851
587292,2,24051,25398
602076,2,45677,52983
16412,0,9,81
67720,2,8,57
0,2,0,1
1181812,0,26142,39075
597104,2,37517,38542
582308,2,15351,16720
583564,2,17346,18301
616468,2,34579,34875
598992,2,48599,52023
80252,2,8,439
648424,0,44063,45319
577660,0,24335,25149
55976,1,10,58
588732,2,16044,18132
602096,2,38716,39620
1570592,2,31683,36371
596212,2,40017,40995
0,2,1,2
595544,2,34945,35215
580112,1,25836,26762
25628,2,8,70
72720,2,24,1848
25668,2,8,49
568644,1,24048,24542
60776,1,12,1854
592572,0,23888,24501
605208,2,30763,31478
145584,2,41,2148
937264,1,165,442
0,1,1,1
79780,2,26,4292
600600,2,51679,52135
599628,2,40766,41970
591380,2,172804,173152
568496,1,25318,25882
1503992,2,23554,24992
67260,1,9,248
596912,2,39692,40843
607748,2,172840,173274
616536,2,25689,26156
577400,0,23536,31360
63488,1,14,1856
72556,2,16,3684
79272,2,8,54
0,1,0,1
588520,1,47384,48111
584080,0,60367,60761
64192,1,9,46
85184,2,8,85
572152,0,27554,28325
25684,2,7,61
81716,2,4,5605
1581228,2,28028,29727
583272,0,25769,29049
598820,2,5477,5672
593532,2,32456,32752
602444,2,43124,45747
72244,2,7,169
632992,2,42175,43293
25692,2,8,55
1575556,2,30897,33712
614000,2,17999,18494
582220,1,46855,54815
594736,2,33932,34228
575196,1,45176,47251
598824,2,5907,6108
616308,2,25711,26188
91528,2,41,8900
631620,2,28406,29225
1258416,2,22508,42412
551608,1,1791,2499
596968,2,37935,39415
588276,2,1251,1566
66408,2,8,75
552200,1,6766,7454
20320,0,8,58
79232,2,8,59
578604,0,21480,22240
162632,2,46,955
572208,0,29671,30997
20316,1,9,61
72760,2,13,1852
608180,2,48332,63511
608828,2,39868,46577
588116,2,1233,1449
601952,2,54842,55273
616308,2,47720,51822
1832040,2,31535,34686
64196,0,8,60
551128,1,1797,2424
0,2,0,2
77596,2,27,1852
588700,0,67457,68035
573136,0,30643,31721
74060,2,8,56
615648,2,36913,37136
1194964,1,27276,39911
599044,2,46563,46984
617136,2,17436,17587
43876,0,3,3607
599852,2,44107,44424
1583084,2,26788,29993
588260,2,1243,1464
79320,2,8,64
599848,2,54011,54505
20300,1,9,67
1578528,2,26674,30326
589384,1,47967,48940
616620,2,20895,21332
584232,2,23240,24388
57744,1,10,1341
559284,1,1476,3273
25684,2,8,59
79292,2,9,73
72636,2,9,1854
571024,0,19785,21351
79288,2,8,53
588768,2,18340,20161
69316,2,9,57
0,2,1,2
1714296,0,34159,44191
1410356,2,27702,30207
74836,2,7,67
598660,2,5841,6022
569284,1,27015,27568
0,2,0,1
593892,2,172922,173326
576028,0,27094,27895
68896,2,9,57
613356,2,21481,21669
79236,2,9,63
20264,1,9,70
583896,2,27430,30261
615072,2,35923,36161
63436,1,10,1856
551948,1,1462,3255
86984,2,46,6085
25652,2,8,51
596744,2,32242,33002
1051192,2,16487,18809
0,2,1,2
597120,2,41873,42930
75964,2,19,3681
581876,2,20263,20980
556024,1,10744,11019
584332,0,46543,48585
77552,2,13,155
64892,0,9,1853
684748,1,55858,56313
580284,1,46227,52796
79276,2,8,64
79264,2,9,54
177400,2,43,1026
71616,2,12,1851
64220,1,8,64
0,0,1,1
25632,2,9,58
569580,1,2234,2561
77724,2,15,161
64132,1,9,88
613376,2,41472,42422
25708,2,9,68
588260,2,1165,1387
1372320,2,22786,24070
80296,2,7,436
72996,1,9,286
15460,1,29,64
20288,0,9,55
581908,0,40931,41589
581816,2,21951,24294
551940,1,1531,2209
20292,1,11,73
604640,2,51831,52426
25632,2,8,63
614212,2,24116,24535
20316,0,9,65
631704,0,1538,1829
20704,2,9,79
1675180,0,3083,4245
586788,0,172917,173596
597688,2,43118,43882
589056,2,1168,1417
52872,0,8,76
600000,2,47569,47992
598576,2,43044,44586
79296,2,9,63
48448,0,9,121
80052,2,35,131
25668,2,9,76
0,2,0,2
53560,2,3,3608
596824,2,42715,43063
588280,2,1268,1583
580628,0,29119,31159
72032,2,8,50
573772,1,58873,59800
597808,2,40426,41979
615892,2,39982,41168
74848,2,7,62
616036,2,37575,37804
599744,2,54678,55123
16416,0,9,99
600864,2,52882,53342
1105608,2,21210,21976
64216,0,9,94
25660,2,8,54
104964,2,41,3489
582264,0,6878,6991
75156,2,8,1850
62036,0,29,1854
601088,2,42433,43039
600032,2,40970,41283
20280,1,9,65
67204,0,9,431
83056,2,31,676
61976,0,32,2422
74788,2,9,73
618440,2,19677,19795
61844,0,21,1853
85600,2,8,108
581420,0,48388,48864
82608,2,12,64
72776,2,25,1851
25712,2,9,68
84752,2,12,190
593748,2,30429,31478
597004,2,39537,39833
582036,1,44525,45701
604192,2,5624,5826
559656,1,1485,2376
0,2,0,2
597932,2,40992,41287
598396,2,41947,42339
1589904,2,31368,36603
586236,1,67893,68220
607984,2,172909,173278
604900,0,29024,30125
0,2,1,2
88052,2,16,1012
927600,1,187,437
704432,1,47944,50492
76604,2,9,1848
1782268,2,31531,34534
80244,2,8,239
25656,2,8,65
606756,2,42765,44488
570152,1,21742,22563
53624,2,3,3607
579520,0,30390,34582
604008,2,25009,25799
76728,2,9,1849
576040,0,22818,23449
299980,2,482,2154
595920,2,33185,34033
599052,2,5873,6107
581516,0,6796,6925
68932,2,9,62
85224,2,9,83
77592,2,11,1939
581836,0,36754,37628
566592,1,21138,32678
89164,2,17,238
74308,2,8,250
599960,0,53291,53712
600244,2,37412,38784
75020,2,14,1850
598920,2,5871,6075
72344,2,8,166
20316,1,9,55
606560,2,36492,39239
578160,1,26862,30792
580996,2,24361,26965
601680,2,33823,35436
20276,1,9,61
72612,2,21,3683
0,2,0,1
85576,2,9,64
598428,2,35735,36046
79224,2,8,64
0,2,16,61
594104,2,33290,33587
575000,0,27784,28933
585416,0,61842,62272
74956,2,9,79
587552,0,48595,55267
287252,0,557,2831
584964,2,15787,16611
74624,2,8,49
612912,2,19160,19283
80248,2,8,445
598416,2,5949,6143
86452,2,26,5423
596124,2,40902,47520
86512,2,14,2003
588268,2,1237,1930
588108,2,1240,1502
620196,2,26664,27132
608860,2,6492,6548
566304,1,23143,25198
16448,1,9,82
592988,2,37298,38661
0,2,0,2
596844,2,38507,40570
20312,0,9,68
53552,2,3,3607
72220,2,8,170
582884,0,43573,45347
595316,2,40351,41374
594816,2,32183,32543
595880,2,32806,33412
569436,1,25658,26160
1576876,2,28598,30267
1044004,2,6916,7736
1344592,2,24777,37396
0,2,0,2
602648,1,59214,59693
140744,2,45,2121
63904,2,3,191
603168,2,39731,40043
75264,2,8,58
588576,1,45366,46704
1401928,2,22784,34525
20252,1,9,60
593816,2,39234,46211
79236,2,8,67
25688,2,8,59
93608,2,29,245
623828,2,22318,22518
600028,1,40085,40240
603948,2,33624,33939
587344,0,68511,68847
598872,2,5613,5838
588064,2,1250,1703
30744,1,0,1
559324,1,2692,4475
558816,1,7151,7778
109912,2,21,300
70588,2,8,62
57188,1,10,1315
1593068,2,33736,37961
70164,0,15,966
580784,1,37068,39138
62908,1,30,1852
614020,2,22858,24955
85148,2,8,241
0,2,1,1
585052,2,24352,25242
587324,2,18599,19957
595764,2,33433,33926
570008,0,19875,20824
71776,2,9,1850
601792,2,45558,46342
79248,2,8,68
1447956,2,21931,23328
580424,1,50021,51387
598848,2,35345,35705
75352,2,14,171
77748,2,9,404
581776,1,50204,51383
94572,2,22,246
203244,2,39,303
598972,2,49708,50155
598480,2,61894,62377
1577864,2,30929,34785
581036,2,21935,25960
0,2,0,2
0,0,3,4
69176,2,8,83
576832,1,26298,26825
85636,2,8,68
25684,2,7,69
596592,2,40046,40489
1586192,2,32230,34968
25660,2,8,66
97064,2,13,1021
579996,2,21388,22619
612184,2,9752,9860
61708,1,19,3685
583184,2,22901,24275
612972,2,38989,39415
604480,2,45745,47418
593752,2,32737,33748
64968,2,7,75
20284,1,10,53
582352,2,16147,16820
20300,0,9,53
25668,2,7,58
599236,0,53376,55896
0,2,1,2
1370080,2,18132,20495
53604,2,3,3606
1426748,0,34995,40065
599872,2,41355,41829
1553036,0,40595,52788
1594388,1,39450,52560
595152,2,42868,43860
0,2,1,2
615660,2,24234,24454
53556,2,3,3608
595216,2,33491,33825
618816,2,27889,28169
84640,2,44,173
20296,1,9,50
583520,2,19379,20662
601316,2,56560,57010
1546824,2,25103,29442
552008,1,1543,2303
586284,2,23842,27022
588168,2,1289,1610
597704,1,44882,46237
20272,0,10,69
65256,2,8,52
79264,2,8,68
0,2,0,17791
0,0,1,2
931524,2,16425,18619
25652,2,9,65
1595112,2,31504,35428
588032,2,1163,2001
604408,1,22738,33625
1257572,2,22118,31136
597976,2,46279,50084
595720,2,22288,23781
581764,0,40264,40923
555020,1,2613,3422
72840,2,11,1853
0,2,1,2
586672,0,55669,56155
1573984,2,26654,31076
601880,2,5780,6016
64168,1,9,51
20708,2,8,80
20716,2,9,79
25656,2,8,53
1638872,2,33774,53309
593560,2,36327,37575
586440,1,45063,45770
588088,2,1165,1382
72200,2,7,169
25688,2,10,60
188612,2,40,212
598856,2,5958,6168
1544532,2,24562,27533
62948,1,8,52
590056,1,40423,40619
25636,2,8,70
75600,2,9,1851
77704,2,14,1851
25688,2,7,51
72212,2,7,169
588116,2,1282,1622
86460,2,11,1016
1051180,2,16128,17969
569964,1,29441,30021
609396,2,41963,42453
64152,1,8,59
105416,2,13,558
598776,2,26001,26262
228904,2,38,170
25652,2,8,50
568348,1,34925,35414
624816,2,21110,21535
25692,2,8,54
581808,1,40980,41746
580948,1,48496,51067
594200,1,5767,5865
0,2,1,2
555016,1,2695,3459
72712,2,16,1846
594356,2,35296,35849
599172,2,30448,31051
0,2,1,2
74848,2,8,71
598804,2,5633,5872
61392,0,9,83
73044,2,14,1852
16432,1,10,83
63332,0,9,114
620480,2,30564,31215
0,2,1,1
170660,2,41,670
579716,1,25568,26326
55992,0,8,57
595920,2,32443,33493
597616,2,23667,24493
74328,2,7,258
1101524,2,3854,3949
63576,0,8,958
591264,2,39849,41059
20264,1,9,50
621420,2,33633,35596
597780,2,37960,38330
574444,0,30418,31696
569356,1,29022,37802
60300,1,8,171
81564,2,4,5606
25668,2,8,56
57164,1,9,1850
73728,0,22,1854
588020,2,1170,2220
1595980,2,31691,34997
588120,2,1163,1414
580688,0,46176,47486
581240,2,20952,22013
600024,2,79808,79989
596684,2,26323,28121
61180,0,9,1852
70728,2,8,52
59000,2,8,169
617612,2,35504,35848
569820,0,29562,30949
74768,2,11,129
551884,1,1450,2187
25692,2,8,63
618064,2,26192,26416
57096,1,8,1850
1589648,2,27465,30455
600108,2,38817,39813
2400332,2,4364,5077
602428,2,36246,36975
583296,0,48816,49177
650324,2,32373,33220
64180,1,9,61
25652,2,8,57
60804,0,9,1852
597944,2,43444,43862
0,1,1,1
0,2,1,2
588212,2,1167,1526
67324,0,10,69
599916,2,38846,39640
0,0,0,18124
590412,2,22479,25915
551680,1,575,1098
90420,2,21,3058
20284,1,9,54
59900,1,9,1852
98896,2,33,43493
614008,2,24915,25180
102184,2,22,280
588100,2,1266,1579
599116,2,26585,26839
71856,2,9,962
69548,1,19,4879
931360,2,16270,18590
59900,1,9,1853
95472,2,21,2399
595976,2,32399,33215
572092,0,28077,32153
603168,2,42920,259304
593728,2,32058,32862
80756,2,9,455
615188,2,33581,33846
588060,2,1152,1418
74844,2,8,59
583608,0,57679,57987
25684,2,8,60
598664,2,56946,57392
603728,2,35892,36640
90664,2,12,126
586992,2,14465,15193
1392444,2,27569,30214
599704,0,28968,31696
551612,1,2611,6117
25676,2,8,51
583084,1,49669,55184
587572,2,21286,25178
582048,1,49571,51496
25668,2,9,64
0,2,0,2
617996,2,38599,38886
585388,2,19402,21091
20272,0,9,78
583304,1,53370,60525
581204,2,18029,19018
74952,2,8,1848
600708,2,31098,32706
588044,2,172896,173716
955412,1,243,462
618208,2,36538,36794
25668,2,8,59
616352,2,36127,36601
596940,2,41615,42156
588056,2,1168,2775
582536,2,18180,18949
581952,0,46457,47578
63416,0,10,959
580096,2,21989,24087
572324,1,18782,20219
947736,1,217,465
76812,2,9,1854
0,2,1,2
72804,2,15,1851
585436,2,24910,25708
567616,1,27452,28012
55916,1,2,772
580172,1,27300,28167
572864,1,31809,32351
25664,2,8,51
68948,2,9,77
587324,0,65337,65660
59888,1,9,1850
0,2,1,2
100084,2,25,489
74332,2,8,102
0,2,1,2
60308,1,9,251
598080,2,43758,44376
53572,2,3,3606
0,2,3,9
586192,0,62909,63263
0,2,0,1
0,2,1,2
25668,2,8,74
619092,0,54827,55135
609992,2,42442,42725
599544,2,29215,29933
0,2,0,40377
588284,2,1343,1579
1180376,1,26842,56985
572512,1,18720,19679
552044,1,1484,3180
1584048,2,32205,35407
582256,0,7007,7113
0,2,0,1
593496,1,5946,5989
72764,2,23,1851
615216,2,33990,34723
1185784,2,21224,32894
68912,2,9,63
1531492,2,32094,37027
620532,2,44916,45328
599372,2,44086,45489
74372,2,9,250
615092,2,29724,29941
588392,2,1273,1519
583836,1,39119,39560
570852,1,28578,29266
1640744,2,29298,31343
0,2,1,2
596844,2,172898,173216
599672,2,33502,34261
581016,1,36255,37815
60360,0,9,105
573896,1,33861,35041
659912,1,47273,50406
0,2,1,2
63944,2,10,123
616112,2,24983,25201
576552,1,28187,32912
62868,1,8,63
616504,1,35006,36004
648408,1,50954,51866
602264,1,30727,31846
591796,2,41443,41961
75408,2,16,956
69760,2,9,80
53572,2,3,3608
65380,2,8,67
20292,0,9,55
68960,2,8,59
583732,2,24739,27811
0,0,0,1
59876,1,8,1854
623868,2,32823,33116
116280,2,86,8760
584476,2,20782,22113
603372,2,33629,33992
588032,2,1261,1511
571072,0,19230,19853
25660,2,9,72
558812,1,2686,3296
1592400,0,40237,51312
16412,1,9,90
75188,2,8,1853
585288,0,61736,62054
588136,2,1161,1411
584568,0,58031,59221
593824,2,31796,32314
0,2,0,1
592984,2,28994,29772
52316,0,9,62
61840,0,21,1854
618128,2,41576,41845
0,1,27,60
598840,2,5662,5892
25660,2,7,43
584400,2,14682,16094
1599848,2,28294,34080
579428,0,23717,24446
588104,2,1166,1693
76704,2,20,3676
0,2,1,2
600756,1,27551,27949
580748,2,23878,27304
86924,2,50,6901
576044,1,27025,28055
25668,2,9,61
75340,2,13,1855
596944,2,40574,40929
654728,1,53835,54725
63844,2,3,193
0,0,3,3
574640,1,28572,30398
606832,2,37404,38338
71144,1,9,252
79280,2,8,74
20692,2,9,78
582340,0,6811,6914
930884,1,154,415
68868,2,10,70
1381880,2,23465,34311
614768,2,34873,35104
591124,2,36548,37106
567524,1,26979,27490
71920,2,9,1854
1394476,2,27511,29523
604724,2,52739,53217
80208,2,7,434
79264,2,9,65
25696,2,8,54
59896,1,8,1856
591832,2,45004,51761
612784,2,39740,40071
598740,2,44429,45114
595504,0,11863,11947
71652,2,8,960
598828,2,45629,45970
584928,1,46971,47825
1321828,2,25747,37924
58448,1,8,1851
594252,2,43594,50591
571224,1,26895,28022
64232,0,10,90
90940,2,20,2187
606396,2,38488,38810
85396,2,9,92
594476,2,32653,33365
50624,0,9,61
25692,2,9,49
580740,2,25540,27612
585416,0,60758,61094
598488,2,42463,42826
597428,2,42245,44022
80300,2,8,261
592076,2,24063,25084
80372,2,28,378
630908,0,1434,1749
1588800,2,27755,29832
598160,2,5981,6197
87488,2,16,259
580508,1,40338,40668
595136,2,29591,29883
581616,2,16493,17126
53540,2,3,3606
617272,2,20082,20501
0,2,1,2
613984,2,42190,42638
588056,2,1161,1548
568384,1,25477,26254
0,2,1,3
20280,1,9,67
614784,2,45211,45848
1346660,2,25749,29698
625856,2,42717,45305
79256,2,7,59
0,2,0,2
620484,2,30389,31252
620380,2,17200,17633
567700,1,23501,24321
629676,1,26453,26750
20716,2,8,76
79236,2,8,63
81968,2,8,766
57184,1,8,1850
629604,2,25879,26127
598944,2,40428,41303
610516,2,8054,8145
584432,1,32897,35913
43944,0,3,3606
0,2,1,1
577688,0,26199,26907
604324,2,38502,39370
105516,2,24,445
573644,1,32305,33772
604192,2,5777,5975
596712,2,31882,32185
629792,2,38514,39668
1581868,2,27062,29088
60764,0,8,958
600764,2,42129,43318
570724,1,51100,52113
596912,2,38906,40049
76720,2,7,1851
16392,1,8,96
63068,0,9,136
628656,2,41322,42590
60772,0,9,1851
63492,1,23,3684
74744,2,8,244
599568,2,50524,51018
15548,2,1,2
949400,1,177,677
598740,2,42728,43492
68988,2,9,74
630948,1,1907,2178
74772,2,8,100
25684,2,8,61
84740,2,53,10470
90240,2,40,179
160128,1,50,85
588060,2,1180,1477
611792,2,16655,17043
580284,1,46683,47783
582236,0,6955,7057
80500,2,14,3013
598856,2,5719,5991
79280,2,9,58
572964,1,29528,30484
25676,2,8,59
583880,2,24410,26448
25656,2,8,45
69284,2,8,61
79232,2,8,49
69240,1,9,57
601160,0,44737,45950
588052,2,1174,1677
580648,1,87953,89690
0,1,1,1
597716,2,42545,44200
25660,2,9,70
615048,2,22227,22671
617432,0,36129,37822
598368,2,23253,24151
604620,2,36907,38238
1095924,2,5569,5704
589584,1,37836,39636
600108,2,45695,46220
588224,2,1158,1836
599524,2,44845,51813
604128,2,30154,30948
595800,2,38560,38869
25664,2,9,63
579408,0,172846,173135
120272,2,36,517
100040,2,17,224
1686208,2,8492,9603
587548,2,18434,20394
594772,2,36471,36757
595824,2,32843,33385
62004,0,18,954
57528,1,9,1851
588184,2,23718,26828
579820,2,24561,27371
20300,0,9,53
582848,2,18254,20065
97380,2,19,192
601536,0,31629,32068
575692,0,28033,29331
596584,2,15084,17118
587908,1,27234,27761
79236,2,9,69
64820,0,12,1851
79308,2,9,74
64700,0,9,1849
588460,2,24745,27538
20720,2,8,89
20304,0,8,56
601692,2,36744,37604
596860,2,172895,173521
534400,2,1164,1422
25668,2,8,74
572708,0,26528,32329
71060,2,8,76
598792,2,5807,6023
95160,2,13,189
70088,1,12,1856
620236,2,20322,20771
587796,1,62021,62357
598124,2,31832,32732
74780,2,9,91
592680,2,30349,30659
63816,2,3,188
1551516,2,26985,29117
25684,2,9,50
596144,2,29620,30356
567548,1,33777,34345
25680,2,8,54
599548,2,42087,43025
85200,2,8,251
85644,2,9,82
661196,0,62755,63166
608864,2,45581,46884
61964,0,21,1852
0,2,0,2
77616,2,14,150
0,2,1,2
569348,1,26770,29622
577824,0,29299,32689
606664,1,28224,28679
79324,2,9,65
616616,2,26442,26671
583472,1,50466,52083
582596,0,48014,49242
74816,2,9,82
95720,2,21,3788
617256,2,38495,38731
75280,2,8,1846
593108,2,45382,45780
25680,2,8,53
91404,2,21,4729
72652,2,9,1853
0,2,1,2
163248,2,46,2154
596044,2,25061,26421
570228,0,20336,21798
602244,2,47805,49128
935676,1,219,550
71740,2,9,1851
0,1,1,2
573236,1,27664,29920
135680,2,29,402
598964,2,32449,32734
1250820,2,23443,26059
80188,2,9,433
57180,1,8,1850
598876,2,5779,6002
